EUR,GBP,AUD,NZD,USD,CAD,CHF,NOK,SEK,JPY
2001-07-02,NA,NA,NA,NA,NA,NA,NA,NA,NA,NA
2001-07-03,NA,NA,NA,NA,NA,NA,NA,NA,NA,NA
2001-07-04,NA,NA,NA,NA,NA,NA,NA,NA,NA,NA
2001-07-05,NA,NA,NA,NA,NA,NA,NA,NA,NA,NA
2001-07-06,NA,NA,NA,NA,NA,NA,NA,NA,NA,NA
2001-07-09,NA,NA,NA,NA,NA,NA,NA,NA,NA,NA
2001-07-10,NA,NA,NA,NA,NA,NA,NA,NA,NA,NA
2001-07-11,NA,NA,NA,NA,NA,NA,NA,NA,NA,NA
2001-07-12,NA,NA,NA,NA,NA,NA,NA,NA,NA,NA
2001-07-13,NA,NA,NA,NA,NA,NA,NA,NA,NA,NA
2001-07-16,NA,NA,NA,NA,NA,NA,NA,NA,NA,NA
2001-07-17,NA,NA,NA,NA,NA,NA,NA,NA,NA,NA
2001-07-18,NA,NA,NA,NA,NA,NA,NA,NA,NA,NA
2001-07-19,NA,NA,NA,NA,NA,NA,NA,NA,NA,NA
2001-07-20,NA,NA,NA,NA,NA,NA,NA,NA,NA,NA
2001-07-23,NA,NA,NA,NA,NA,NA,NA,NA,NA,NA
2001-07-24,NA,NA,NA,NA,NA,NA,NA,NA,NA,NA
2001-07-25,NA,NA,NA,NA,NA,NA,NA,NA,NA,NA
2001-07-26,NA,NA,NA,NA,NA,NA,NA,NA,NA,NA
2001-07-27,NA,NA,NA,NA,NA,NA,NA,NA,NA,NA
2001-07-30,NA,NA,NA,NA,NA,NA,NA,NA,NA,NA
2001-07-31,NA,NA,NA,NA,NA,NA,NA,NA,NA,NA
2001-08-01,NA,NA,NA,NA,NA,NA,NA,NA,NA,NA
2001-08-02,NA,NA,NA,NA,NA,NA,NA,NA,NA,NA
2001-08-03,NA,NA,NA,NA,NA,NA,NA,NA,NA,NA
2001-08-06,NA,NA,NA,NA,NA,NA,NA,NA,NA,NA
2001-08-07,NA,NA,NA,NA,NA,NA,NA,NA,NA,NA
2001-08-08,NA,NA,NA,NA,NA,NA,NA,NA,NA,NA
2001-08-09,NA,NA,NA,NA,NA,NA,NA,NA,NA,NA
2001-08-10,NA,NA,NA,NA,NA,NA,NA,NA,NA,NA
2001-08-13,NA,NA,NA,NA,NA,NA,NA,NA,NA,NA
2001-08-14,NA,NA,NA,NA,NA,NA,NA,NA,NA,NA
2001-08-15,NA,NA,NA,NA,NA,NA,NA,NA,NA,NA
2001-08-16,NA,NA,NA,NA,NA,NA,NA,NA,NA,NA
2001-08-17,NA,NA,NA,NA,NA,NA,NA,NA,NA,NA
2001-08-20,NA,NA,NA,NA,NA,NA,NA,NA,NA,NA
2001-08-21,NA,NA,NA,NA,NA,NA,NA,NA,NA,NA
2001-08-22,NA,NA,NA,NA,NA,NA,NA,NA,NA,NA
2001-08-23,NA,NA,NA,NA,NA,NA,NA,NA,NA,NA
2001-08-24,NA,NA,NA,NA,NA,NA,NA,NA,NA,NA
2001-08-27,NA,NA,NA,NA,NA,NA,NA,NA,NA,NA
2001-08-28,NA,NA,NA,NA,NA,NA,NA,NA,NA,NA
2001-08-29,NA,NA,NA,NA,NA,NA,NA,NA,NA,NA
2001-08-30,NA,NA,NA,NA,NA,NA,NA,NA,NA,NA
2001-08-31,NA,NA,NA,NA,NA,NA,NA,NA,NA,NA
2001-09-03,NA,NA,NA,NA,NA,NA,NA,NA,NA,NA
2001-09-04,NA,NA,NA,NA,NA,NA,NA,NA,NA,NA
2001-09-05,NA,NA,NA,NA,NA,NA,NA,NA,NA,NA
2001-09-06,NA,NA,NA,NA,NA,NA,NA,NA,NA,NA
2001-09-07,NA,NA,NA,NA,NA,NA,NA,NA,NA,NA
2001-09-10,NA,NA,NA,NA,NA,NA,NA,NA,NA,NA
2001-09-11,NA,NA,NA,NA,NA,NA,NA,NA,NA,NA
2001-09-12,NA,NA,NA,NA,NA,NA,NA,NA,NA,NA
2001-09-13,NA,NA,NA,NA,NA,NA,NA,NA,NA,NA
2001-09-14,NA,NA,NA,NA,NA,NA,NA,NA,NA,NA
2001-09-17,NA,NA,NA,NA,NA,NA,NA,NA,NA,NA
2001-09-18,NA,NA,NA,NA,NA,NA,NA,NA,NA,NA
2001-09-19,NA,NA,NA,NA,NA,NA,NA,NA,NA,NA
2001-09-20,NA,NA,NA,NA,NA,NA,NA,NA,NA,NA
2001-09-21,NA,NA,NA,NA,NA,NA,NA,NA,NA,NA
2001-09-24,NA,NA,NA,NA,NA,NA,NA,NA,NA,NA
2001-09-25,NA,NA,NA,NA,NA,NA,NA,NA,NA,NA
2001-09-26,NA,NA,NA,NA,NA,NA,NA,NA,NA,NA
2001-09-27,NA,NA,NA,NA,NA,NA,NA,NA,NA,NA
2001-09-28,NA,NA,NA,NA,NA,NA,NA,NA,NA,NA
2001-10-01,NA,NA,NA,NA,NA,NA,NA,NA,NA,NA
2001-10-02,NA,NA,NA,NA,NA,NA,NA,NA,NA,NA
2001-10-03,NA,NA,NA,NA,NA,NA,NA,NA,NA,NA
2001-10-04,NA,NA,NA,NA,NA,NA,NA,NA,NA,NA
2001-10-05,NA,NA,NA,NA,NA,NA,NA,NA,NA,NA
2001-10-08,NA,NA,NA,NA,NA,NA,NA,NA,NA,NA
2001-10-09,NA,NA,NA,NA,NA,NA,NA,NA,NA,NA
2001-10-10,NA,NA,NA,NA,NA,NA,NA,NA,NA,NA
2001-10-11,NA,NA,NA,NA,NA,NA,NA,NA,NA,NA
2001-10-12,NA,NA,NA,NA,NA,NA,NA,NA,NA,NA
2001-10-15,NA,NA,NA,NA,NA,NA,NA,NA,NA,NA
2001-10-16,NA,NA,NA,NA,NA,NA,NA,NA,NA,NA
2001-10-17,NA,NA,NA,NA,NA,NA,NA,NA,NA,NA
2001-10-18,NA,NA,NA,NA,NA,NA,NA,NA,NA,NA
2001-10-19,NA,NA,NA,NA,NA,NA,NA,NA,NA,NA
2001-10-22,NA,NA,NA,NA,NA,NA,NA,NA,NA,NA
2001-10-23,NA,NA,NA,NA,NA,NA,NA,NA,NA,NA
2001-10-24,NA,NA,NA,NA,NA,NA,NA,NA,NA,NA
2001-10-25,NA,NA,NA,NA,NA,NA,NA,NA,NA,NA
2001-10-26,NA,NA,NA,NA,NA,NA,NA,NA,NA,NA
2001-10-29,NA,NA,NA,NA,NA,NA,NA,NA,NA,NA
2001-10-30,NA,NA,NA,NA,NA,NA,NA,NA,NA,NA
2001-10-31,NA,NA,NA,NA,NA,NA,NA,NA,NA,NA
2001-11-01,NA,NA,NA,NA,NA,NA,NA,NA,NA,NA
2001-11-02,NA,NA,NA,NA,NA,NA,NA,NA,NA,NA
2001-11-05,NA,NA,NA,NA,NA,NA,NA,NA,NA,NA
2001-11-06,NA,NA,NA,NA,NA,NA,NA,NA,NA,NA
2001-11-07,NA,NA,NA,NA,NA,NA,NA,NA,NA,NA
2001-11-08,NA,NA,NA,NA,NA,NA,NA,NA,NA,NA
2001-11-09,NA,NA,NA,NA,NA,NA,NA,NA,NA,NA
2001-11-12,NA,NA,NA,NA,NA,NA,NA,NA,NA,NA
2001-11-13,NA,NA,NA,NA,NA,NA,NA,NA,NA,NA
2001-11-14,NA,NA,NA,NA,NA,NA,NA,NA,NA,NA
2001-11-15,NA,NA,NA,NA,NA,NA,NA,NA,NA,NA
2001-11-16,NA,NA,NA,NA,NA,NA,NA,NA,NA,NA
2001-11-19,NA,NA,NA,NA,NA,NA,NA,NA,NA,NA
2001-11-20,NA,NA,NA,NA,NA,NA,NA,NA,NA,NA
2001-11-21,NA,NA,NA,NA,NA,NA,NA,NA,NA,NA
2001-11-22,NA,NA,NA,NA,NA,NA,NA,NA,NA,NA
2001-11-23,NA,NA,NA,NA,NA,NA,NA,NA,NA,NA
2001-11-26,NA,NA,NA,NA,NA,NA,NA,NA,NA,NA
2001-11-27,NA,NA,NA,NA,NA,NA,NA,NA,NA,NA
2001-11-28,NA,NA,NA,NA,NA,NA,NA,NA,NA,NA
2001-11-29,NA,NA,NA,NA,NA,NA,NA,NA,NA,NA
2001-11-30,NA,NA,NA,NA,NA,NA,NA,NA,NA,NA
2001-12-03,NA,NA,NA,NA,NA,NA,NA,NA,NA,NA
2001-12-04,NA,NA,NA,NA,NA,NA,NA,NA,NA,NA
2001-12-05,NA,NA,NA,NA,NA,NA,NA,NA,NA,NA
2001-12-06,NA,NA,NA,NA,NA,NA,NA,NA,NA,NA
2001-12-07,NA,NA,NA,NA,NA,NA,NA,NA,NA,NA
2001-12-10,NA,NA,NA,NA,NA,NA,NA,NA,NA,NA
2001-12-11,NA,NA,NA,NA,NA,NA,NA,NA,NA,NA
2001-12-12,NA,NA,NA,NA,NA,NA,NA,NA,NA,NA
2001-12-13,NA,NA,NA,NA,NA,NA,NA,NA,NA,NA
2001-12-14,NA,NA,NA,NA,NA,NA,NA,NA,NA,NA
2001-12-17,NA,NA,NA,NA,NA,NA,NA,NA,NA,NA
2001-12-18,NA,NA,NA,NA,NA,NA,NA,NA,NA,NA
2001-12-19,NA,NA,NA,NA,NA,NA,NA,NA,NA,NA
2001-12-20,NA,NA,NA,NA,NA,NA,NA,NA,NA,NA
2001-12-21,NA,NA,NA,NA,NA,NA,NA,NA,NA,NA
2001-12-24,NA,NA,NA,NA,NA,NA,NA,NA,NA,NA
2001-12-25,NA,NA,NA,NA,NA,NA,NA,NA,NA,NA
2001-12-26,NA,NA,NA,NA,NA,NA,NA,NA,NA,NA
2001-12-27,NA,NA,NA,NA,NA,NA,NA,NA,NA,NA
2001-12-28,NA,NA,NA,NA,NA,NA,NA,NA,NA,NA
2001-12-31,NA,NA,NA,NA,NA,NA,NA,NA,NA,NA
2002-01-01,NA,NA,NA,NA,NA,NA,NA,NA,NA,NA
2002-01-02,NA,NA,NA,NA,NA,NA,NA,NA,NA,NA
2002-01-03,NA,NA,NA,NA,NA,NA,NA,NA,NA,NA
2002-01-04,NA,NA,NA,NA,NA,NA,NA,NA,NA,NA
2002-01-07,NA,NA,NA,NA,NA,NA,NA,NA,NA,NA
2002-01-08,NA,NA,NA,NA,NA,NA,NA,NA,NA,NA
2002-01-09,NA,NA,NA,NA,NA,NA,NA,NA,NA,NA
2002-01-10,NA,NA,NA,NA,NA,NA,NA,NA,NA,NA
2002-01-11,NA,NA,NA,NA,NA,NA,NA,NA,NA,NA
2002-01-14,NA,NA,NA,NA,NA,NA,NA,NA,NA,NA
2002-01-15,NA,NA,NA,NA,NA,NA,NA,NA,NA,NA
2002-01-16,NA,NA,NA,NA,NA,NA,NA,NA,NA,NA
2002-01-17,NA,NA,NA,NA,NA,NA,NA,NA,NA,NA
2002-01-18,NA,NA,NA,NA,NA,NA,NA,NA,NA,NA
2002-01-21,NA,NA,NA,NA,NA,NA,NA,NA,NA,NA
2002-01-22,NA,NA,NA,NA,NA,NA,NA,NA,NA,NA
2002-01-23,NA,NA,NA,NA,NA,NA,NA,NA,NA,NA
2002-01-24,NA,NA,NA,NA,NA,NA,NA,NA,NA,NA
2002-01-25,NA,NA,NA,NA,NA,NA,NA,NA,NA,NA
2002-01-28,NA,NA,NA,NA,NA,NA,NA,NA,NA,NA
2002-01-29,NA,NA,NA,NA,NA,NA,NA,NA,NA,NA
2002-01-30,NA,NA,NA,NA,NA,NA,NA,NA,NA,NA
2002-01-31,NA,NA,NA,NA,NA,NA,NA,NA,NA,NA
2002-02-01,NA,NA,NA,NA,NA,NA,NA,NA,NA,NA
2002-02-04,NA,NA,NA,NA,NA,NA,NA,NA,NA,NA
2002-02-05,NA,NA,NA,NA,NA,NA,NA,NA,NA,NA
2002-02-06,NA,NA,NA,NA,NA,NA,NA,NA,NA,NA
2002-02-07,NA,NA,NA,NA,NA,NA,NA,NA,NA,NA
2002-02-08,NA,NA,NA,NA,NA,NA,NA,NA,NA,NA
2002-02-11,NA,NA,NA,NA,NA,NA,NA,NA,NA,NA
2002-02-12,NA,NA,NA,NA,NA,NA,NA,NA,NA,NA
2002-02-13,NA,NA,NA,NA,NA,NA,NA,NA,NA,NA
2002-02-14,NA,NA,NA,NA,NA,NA,NA,NA,NA,NA
2002-02-15,NA,NA,NA,NA,NA,NA,NA,NA,NA,NA
2002-02-18,NA,NA,NA,NA,NA,NA,NA,NA,NA,NA
2002-02-19,NA,NA,NA,NA,NA,NA,NA,NA,NA,NA
2002-02-20,NA,NA,NA,NA,NA,NA,NA,NA,NA,NA
2002-02-21,NA,NA,NA,NA,NA,NA,NA,NA,NA,NA
2002-02-22,NA,NA,NA,NA,NA,NA,NA,NA,NA,NA
2002-02-25,NA,NA,NA,NA,NA,NA,NA,NA,NA,NA
2002-02-26,NA,NA,NA,NA,NA,NA,NA,NA,NA,NA
2002-02-27,NA,NA,NA,NA,NA,NA,NA,NA,NA,NA
2002-02-28,NA,NA,NA,NA,NA,NA,NA,NA,NA,NA
2002-03-01,NA,NA,NA,NA,NA,NA,NA,NA,NA,NA
2002-03-04,NA,NA,NA,NA,NA,NA,NA,NA,NA,NA
2002-03-05,NA,NA,NA,NA,NA,NA,NA,NA,NA,NA
2002-03-06,NA,NA,NA,NA,NA,NA,NA,NA,NA,NA
2002-03-07,NA,NA,NA,NA,NA,NA,NA,NA,NA,NA
2002-03-08,NA,NA,NA,NA,NA,NA,NA,NA,NA,NA
2002-03-11,NA,NA,NA,NA,NA,NA,NA,NA,NA,NA
2002-03-12,NA,NA,NA,NA,NA,NA,NA,NA,NA,NA
2002-03-13,NA,NA,NA,NA,NA,NA,NA,NA,NA,NA
2002-03-14,NA,NA,NA,NA,NA,NA,NA,NA,NA,NA
2002-03-15,NA,NA,NA,NA,NA,NA,NA,NA,NA,NA
2002-03-18,NA,NA,NA,NA,NA,NA,NA,NA,NA,NA
2002-03-19,NA,NA,NA,NA,NA,NA,NA,NA,NA,NA
2002-03-20,NA,NA,NA,NA,NA,NA,NA,NA,NA,NA
2002-03-21,NA,NA,NA,NA,NA,NA,NA,NA,NA,NA
2002-03-22,NA,NA,NA,NA,NA,NA,NA,NA,NA,NA
2002-03-25,NA,NA,NA,NA,NA,NA,NA,NA,NA,NA
2002-03-26,NA,NA,NA,NA,NA,NA,NA,NA,NA,NA
2002-03-27,NA,NA,NA,NA,NA,NA,NA,NA,NA,NA
2002-03-28,NA,NA,NA,NA,NA,NA,NA,NA,NA,NA
2002-03-29,NA,NA,NA,NA,NA,NA,NA,NA,NA,NA
2002-04-01,NA,NA,NA,NA,NA,NA,NA,NA,NA,NA
2002-04-02,NA,NA,NA,NA,NA,NA,NA,NA,NA,NA
2002-04-03,NA,NA,NA,NA,NA,NA,NA,NA,NA,NA
2002-04-04,NA,NA,NA,NA,NA,NA,NA,NA,NA,NA
2002-04-05,NA,NA,NA,NA,NA,NA,NA,NA,NA,NA
2002-04-08,NA,NA,NA,NA,NA,NA,NA,NA,NA,NA
2002-04-09,NA,NA,NA,NA,NA,NA,NA,NA,NA,NA
2002-04-10,NA,NA,NA,NA,NA,NA,NA,NA,NA,NA
2002-04-11,NA,NA,NA,NA,NA,NA,NA,NA,NA,NA
2002-04-12,NA,NA,NA,NA,NA,NA,NA,NA,NA,NA
2002-04-15,NA,NA,NA,NA,NA,NA,NA,NA,NA,NA
2002-04-16,NA,NA,NA,NA,NA,NA,NA,NA,NA,NA
2002-04-17,NA,NA,NA,NA,NA,NA,NA,NA,NA,NA
2002-04-18,NA,NA,NA,NA,NA,NA,NA,NA,NA,NA
2002-04-19,NA,NA,NA,NA,NA,NA,NA,NA,NA,NA
2002-04-22,NA,NA,NA,NA,NA,NA,NA,NA,NA,NA
2002-04-23,NA,NA,NA,NA,NA,NA,NA,NA,NA,NA
2002-04-24,NA,NA,NA,NA,NA,NA,NA,NA,NA,NA
2002-04-25,NA,NA,NA,NA,NA,NA,NA,NA,NA,NA
2002-04-26,NA,NA,NA,NA,NA,NA,NA,NA,NA,NA
2002-04-29,NA,NA,NA,NA,NA,NA,NA,NA,NA,NA
2002-04-30,NA,NA,NA,NA,NA,NA,NA,NA,NA,NA
2002-05-01,NA,NA,NA,NA,NA,NA,NA,NA,NA,NA
2002-05-02,NA,NA,NA,NA,NA,NA,NA,NA,NA,NA
2002-05-03,NA,NA,NA,NA,NA,NA,NA,NA,NA,NA
2002-05-06,NA,NA,NA,NA,NA,NA,NA,NA,NA,NA
2002-05-07,NA,NA,NA,NA,NA,NA,NA,NA,NA,NA
2002-05-08,NA,NA,NA,NA,NA,NA,NA,NA,NA,NA
2002-05-09,NA,NA,NA,NA,NA,NA,NA,NA,NA,NA
2002-05-10,NA,NA,NA,NA,NA,NA,NA,NA,NA,NA
2002-05-13,NA,NA,NA,NA,NA,NA,NA,NA,NA,NA
2002-05-14,NA,NA,NA,NA,NA,NA,NA,NA,NA,NA
2002-05-15,NA,NA,NA,NA,NA,NA,NA,NA,NA,NA
2002-05-16,NA,NA,NA,NA,NA,NA,NA,NA,NA,NA
2002-05-17,NA,NA,NA,NA,NA,NA,NA,NA,NA,NA
2002-05-20,NA,NA,NA,NA,NA,NA,NA,NA,NA,NA
2002-05-21,NA,NA,NA,NA,NA,NA,NA,NA,NA,NA
2002-05-22,NA,NA,NA,NA,NA,NA,NA,NA,NA,NA
2002-05-23,NA,NA,NA,NA,NA,NA,NA,NA,NA,NA
2002-05-24,NA,NA,NA,NA,NA,NA,NA,NA,NA,NA
2002-05-27,NA,NA,NA,NA,NA,NA,NA,NA,NA,NA
2002-05-28,NA,NA,NA,NA,NA,NA,NA,NA,NA,NA
2002-05-29,NA,NA,NA,NA,NA,NA,NA,NA,NA,NA
2002-05-30,NA,NA,NA,NA,NA,NA,NA,NA,NA,NA
2002-05-31,NA,NA,NA,NA,NA,NA,NA,NA,NA,NA
2002-06-03,NA,NA,NA,NA,NA,NA,NA,NA,NA,NA
2002-06-04,NA,NA,NA,NA,NA,NA,NA,NA,NA,NA
2002-06-05,NA,NA,NA,NA,NA,NA,NA,NA,NA,NA
2002-06-06,NA,NA,NA,NA,NA,NA,NA,NA,NA,NA
2002-06-07,NA,NA,NA,NA,NA,NA,NA,NA,NA,NA
2002-06-10,NA,NA,NA,NA,NA,NA,NA,NA,NA,NA
2002-06-11,NA,NA,NA,NA,NA,NA,NA,NA,NA,NA
2002-06-12,NA,NA,NA,NA,NA,NA,NA,NA,NA,NA
2002-06-13,NA,NA,NA,NA,NA,NA,NA,NA,NA,NA
2002-06-14,NA,NA,NA,NA,NA,NA,NA,NA,NA,NA
2002-06-17,0,0,0,0,0,0,0,0,0,0
2002-06-18,0,0,0,0,0,0,0,0,0,0
2002-06-19,0,0,0,0,0,0,0,0,0,0
2002-06-20,0,0,0,0,0,0,0,0,0,0
2002-06-21,0,0,0,0,0,0,0,0,0,0
2002-06-24,0,0,0,0,0,0,0,0,0,0
2002-06-25,0,0,0,0,0,0,0,0,0,0
2002-06-26,0,0,0,0,0,0,0,0,0,0
2002-06-27,0,0,0,0,0,0,0,0,0,0
2002-06-28,0,0,0,0,0,0,0,0,0,0
2002-07-01,-0.00892586679315864,-0.000300398354766979,-0.000426970362056484,0.00689513995067173,0,0.00400066781208955,0.0256768729309753,0.0124870701395575,-0.000113984856549495,-0.00399666977463306
2002-07-02,0.0105445363987864,-0.0139411842336818,0.0384924559777766,0.0020268203877724,0,0.00353033925474063,-0.0027024310177487,0.0137622881365733,0.00896634226580556,-0.00925193481775455
2002-07-03,-0.0132258459828849,0.00146875628185161,0.0354744381945211,0.0420990268178271,0,-0.0014099217431055,0.0108961995621131,-0.0246295135325479,-0.00257386319147703,-0.0058350393575515
2002-07-04,-0.0183625875322579,0.0124671980603441,-5.39228915734969e-05,0,0,-0.00408511525965931,-0.0366350518566772,-0.00562696183858646,-0.018920080630369,0.00768750833638353
2002-07-05,0.038779733690039,0.00995456285867914,0.126932390514593,-0.0737196057042181,0,-0.00478255291859701,0.063560570174906,0.00876330250389112,0.0265526248626615,-0.089122509104952
2002-07-08,-0.0512407724840742,-0.0407353053667295,0.0248920132293016,0.0280573856809937,0,0.0100754082489078,-0.00546287022532364,0.00817172557143888,6.7745213531088e-05,-0.0419311207429499
2002-07-09,0.0267623271124508,0.00119024517126964,-0.0257133059092922,-0.0105371232725831,0,0.00376687784137579,-0.0357767977430965,-0.00291007386525466,0.0679595968317401,-0.00491859005289629
2002-07-10,-0.00788516576874744,0.0030636362739508,0.146817283784507,-0.0484377463681212,0,0.000788799094340677,-0.0451983407698727,0.00848126646272156,0.00942096484752762,-0.0138131944768444
2002-07-11,0.00692929408405768,-0.00314403007508592,-0.0205219985556056,-0.000784475651111149,0,-0.00635338636238549,0.0122977413546869,-0.0308906203934486,-0.0190190053029302,-0.00389671568494581
2002-07-12,-0.0606307391047355,-0.0850785402747262,-0.000856531131072016,0.0154623357944431,0,-0.0027359828530169,0.0923513309928062,0.0357286898461085,-0.0185431172777521,-0.0194330624091602
2002-07-15,0.00292028817327647,0.000254679774641222,0.0785251394194573,-0.0044545318217285,0,0.00491803414665575,0.00115297510379395,0.00147271389354755,0.0283751604833396,0.00158634366603632
2002-07-16,0.023800110540632,-0.00703709640576065,-0.0528523161938613,-0.0112594548534577,0,-0.00195179119831457,-0.000529738777933004,0.00941612438117159,0.00314350533189918,0.00943599597106644
2002-07-17,0.0128389560244352,0.00298260279963308,0.00976537860756266,0.00422797951675713,0,0.00856559748971546,0.0285134013837621,-0.0279464387306746,-0.0130596760426423,0.00970361847400511
2002-07-18,-0.00676761870987015,-0.0263463507506888,-0.00631714040126128,0.0158319164343275,0,-0.00413560710523072,-0.0294384229377305,0.0313228046376007,-0.000830629494553435,0.0492700851568036
2002-07-19,-0.00163084167367815,0.000152028632516526,0.101803529467012,0.00866884143980519,0,0.0103120788469372,-0.000631966387975886,-0.0590142904539843,0.016546445865419,-0.0334066471950898
2002-07-22,0.0802975602813152,-0.0115791578605809,0.0964641047564673,-0.0240085687310238,0,-0.011453450577821,0.0776109034465394,-0.128867570819386,-0.0052928914088728,-0.0396489391448235
2002-07-23,-0.0101367769603589,-0.0190261518786967,-0.0506055017184805,-0.111275426586714,0,-0.00896969973217726,0.031973314662761,-0.000234629583129994,0.00201780001329586,0.0235738602531735
2002-07-24,-0.00540839214867292,-0.00350198317488161,-0.0239955785883675,0.00794517763097004,0,0.00587188960683087,-0.0134602178460385,-0.00721370177862644,-0.0331239102011103,-0.0387993938961046
2002-07-25,-0.0198213120960458,0.0394604899481847,-0.0644075759506029,-0.0805689491771505,0,0.0255378760797565,-0.0633146241380619,-0.0228900556502486,-0.00381607347626735,0.164564130232512
2002-07-26,-0.052345360697952,-0.00198476475484972,-0.0495495621178057,0.00425447611573194,0,-0.0250136297795144,0.0966962396517673,-0.0364252179476639,0.00197182168671593,-0.0640311855187308
2002-07-29,0.0387623697482958,0.0206038540443243,0.0103131669157228,-0.0117321569573448,0,0.000769793586781103,0.0451301295317707,-0.0410865569610903,0.0462755104753609,0.00887110322499555
2002-07-30,-0.0312641040146896,0.0420932592499999,-0.00382002562380129,-0.0776786620239856,0,0.0192746011824593,0.0116685928468782,-0.0150522876780093,-0.0403342353132285,-0.0145169440044155
2002-07-31,-0.0110047024159792,0.0127383040963698,-0.0219431913059226,-0.0279390368053718,0,-0.0091290086772603,-0.0492559867187034,-0.00271304652811382,-0.00587923879689882,-0.0124283529754514
2002-08-01,-0.0120655712125699,-0.0130658069288668,0.00311457188911466,8.61976083499652e-05,0,-0.00147216121426126,-0.0095885301683639,0.00102052179452267,0.000459031450315357,0.0116304461148587
2002-08-02,0.0247755579326476,0.00367230346929594,0.0524163566004308,-0.00820058323719834,0,-0.00126260433237607,0.0290201662683258,-0.0140055193569487,-0.005088251958096,-0.0174390881069291
2002-08-05,0.0888785091880682,0.0443591006508717,-0.0116644743584272,-0.0775692191703048,0,-0.00405180842633301,-0.0405850295735157,-0.115227138901382,0.0350504969014812,0.0540585631790684
2002-08-06,0.0512910538047016,0.00157500840445296,-0.106708260429854,-0.0340002283719541,0,-0.0387147656418753,0.0988679854156812,0.0479986837808386,0.069811704421874,-0.0185569238454294
2002-08-07,0.0393982124589216,0.00487138037575535,0.00631776944367464,-0.00408477010493002,0,-0.00550946907526174,0.0300621330342042,-0.00164395058326445,0.00292535475364435,0.0107776655065993
2002-08-08,0.0227683821295848,-0.00455975391397668,-0.0164937098365594,-0.0346723626451126,0,-0.0129962713375244,0.0479039269161782,0.0429567568113602,0.0241691318057639,-0.0353454662476539
2002-08-09,-0.00801645836900091,-0.0038032365348105,0.0518362647733845,0.0542029168684773,0,0.0101039081306269,0.0125767184540249,0.0234064664456216,-0.00838690590883863,-0.0995742929669222
2002-08-12,-0.00428921860888169,-0.000261096607227368,-0.00889877896699315,-0.0179046752465586,0,0.0320478282004402,-0.0172573391928626,0.0143061268060897,-0.013000821264687,0.00237084367980813
2002-08-13,-0.0232804621657709,-0.0314757146387144,-0.00612984331406058,0.0139394046062237,0,-0.00148257063870912,0.00557032854643365,0.00847090100507938,-0.00172803574900932,0.0593423143468236
2002-08-14,0.0010565349227013,-0.0173921709809772,-0.0899174916874999,-0.00400647692237199,0,0.0204157557558182,0.013051391054341,0.00607102776538626,-0.00143704950616065,0.0180387818278288
2002-08-15,0.00310928233831903,-0.000468170892929156,0.0299991261033378,-0.00278701005782171,0,0.00255597198479083,-0.017646668019827,-0.00664389900162003,0.0125775581761977,0.0198167558466884
2002-08-16,-0.0218249259264382,0.0133055539009878,0.00559237008741793,-0.00342906260698739,0,0.00911589559736003,-0.0674965924302157,-0.00385980698276295,-0.0101078119866555,0.0708490300571756
2002-08-19,-0.000368004089254727,0.000431937173391662,0.0422641708906614,-0.0053493226950001,0,-0.00321060148353223,-0.00423886986071615,0.0116645828999829,0.000419502635608248,0.0417204944240898
2002-08-20,-0.00257523898366044,0.00274707345079553,0.0130853272484008,0.00931181412804564,0,-0.00342368470453009,-0.000133248942385728,-0.0156899541281431,-0.0276442937351935,0.00944119458632362
2002-08-21,-0.0321510300883568,0.00582545953254889,-0.0318703667607178,0.00752688740613875,0,-0.00151563805341846,-0.0891519418886515,-0.0699772600003041,-0.072886601955271,0.0851821084933208
2002-08-22,0.0036062065767289,-0.00759943536371723,0.0357764066347309,-0.00122514947273424,0,0.000173415973597587,0.0206805899175216,0.0105460245035996,0.0205671902908324,-0.0156171810291931
2002-08-23,-0.00277620693997222,-0.00544003257160094,0,0.0145703934040524,0,-0.000102758421409156,-0.00277603360205387,0.027474182173619,-0.00793974363112264,0
2002-08-26,0.0606140681275577,0.0163351322666875,-0.137024524163107,-0.005110777035769,0,-0.00370489777797758,-0.0834282695929675,0.0359666808024535,0.0282295190629803,0.0138867355137173
2002-08-27,-0.0044211313673673,-0.00417264369984422,0.0151479805527886,-0.0506116105681333,0,-0.0265552480505206,0.0189795524329379,0.00249852351752103,-0.0143950727319969,0.0390098341763334
2002-08-28,-0.0176021343592728,-0.0230738093206711,0,-0.00986863368742878,0,0.00414328371191616,-0.0254215426856813,0.0148329435982437,-0.000412999298617963,0.0118178450881245
2002-08-29,0.00998065652398304,-1.29236535213537e-05,-0.00551924570519696,0.00367521389894705,0,-0.00148167175476121,0.00694352413275836,-0.0143281645558443,0.0221881508359146,0.0115204560274147
2002-08-30,-0.00492521429318129,0.00542425491899823,-0.0188679377767492,-0.00313266372593434,0,-0.00166276123878233,-0.0117222907305437,0.00210218979101939,0,0.0173296474654214
2002-09-02,-0.0896371565754994,-0.0323930043336433,-0.0557558629712588,-0.0304214442101311,0,-0.00497701503469073,-0.0657107458650495,0.0181947204621829,0.00222678087911429,0.0350693939555896
2002-09-03,0.0160181408489647,0.000198241471798025,0.0555730673642039,-0.0207229783062434,0,0.0176935572859785,0.00737702220878048,0.00503281177886247,0.00199067773977444,-0.0351265887009566
2002-09-04,0.00016137165964955,-0.0010730025142433,0.0174905821365729,-0.00309311663295118,0,0.000701843959240226,-0.0102981624368741,0.0267245463294976,0.0037558189139035,-0.0181402630277543
2002-09-05,0.0385501629600319,0.00472472275860475,0.0236548697986421,0.0568500666941652,0,0.0137984009991538,0.0336176892109343,-0.0255066937952378,0.00669242135387339,0.000760520579309431
2002-09-06,-0.00582366456945654,-7.70341841572028e-05,-0.00745750394613263,0.00212947201972337,0,-0.0024168028949644,-0.0127467516430061,-0.0111065242116001,-0.0101850269179503,0.0205469980492193
2002-09-09,-0.0108894213929508,0.0138613953823414,-0.00603125327542014,-0.0111276928408463,0,0.0180671465141917,-0.00971434296611778,-0.037647732145192,-0.00461161671083705,0.0427372816738395
2002-09-10,0.00123260235876624,0.00504559201932491,0.0170943373148995,-0.00212856856165934,0,0.00835264495511284,-0.0218036823291202,-0.000568975073608669,0.01123448022245,0.0379147422694478
2002-09-11,0.0232844623167796,0.00173633925220631,-0.0591572917926668,0.0140244052909564,0,-0.000759062205350278,0.0194760100264803,0.0328998394255937,0.00190287825917536,-0.00232616205248284
2002-09-12,0.0663597427811913,0.0130187699777172,-0.0281751768167032,-0.0128889438437275,0,-7.57551847218225e-05,0.0623503015177746,-0.00876847265337772,0.0105440299460186,-0.0400023319730616
2002-09-13,-0.00181153845711733,0.0129249350831711,0.0163710879192237,-0.00743567327462303,0,-0.00262858676691959,-0.00537285934141558,-0.00175363135636856,-0.0321578970649763,-0.0239030992873357
2002-09-16,0.010965682619689,-0.0188250790373732,0.0232600751974363,-0.00678507169030857,0,-0.00481012722455358,0.0010492636162265,-0.0118095152544672,0.0140807914015469,-0.0101429173021603
2002-09-17,-0.0267284554665367,-0.0516235139261095,0.00602629716973735,0.0158297910559323,0,0.00600151966062753,0.0296187781058957,0.0526606372139008,0.0494539766863697,-0.0136502167231575
2002-09-18,-0.0140258111502092,-0.00477846503260589,-0.0547408280413039,0.0268431613428384,0,0.0202538550549218,-0.0146581731329139,0.00267315600640956,-0.00594080061589036,0.00370278950991887
2002-09-19,-0.0114309108741778,0.00159680642253211,0.0383825625930372,-0.0109103193681049,0,0.000572046191252337,-0.0277072746060313,0.00650476770205551,-0.00228524519808031,0.118807089557267
2002-09-20,-0.0128603687026446,0.00347893324750296,0.0224750795231095,0.00191469155144978,0,0.0409093479914254,-0.018954763403925,-0.00296180004248478,-0.00382216412706539,-0.0281221280438721
2002-09-23,-0.0220588794340431,0.0123087001501784,-0.0155586242416853,0.000894378315878614,0,-0.00706402005798356,-0.0410638554978121,0.0264204968245941,-0.00170724724751904,0.042418679798503
2002-09-24,0.0126485544269116,-0.0124980036231402,-0.000992464631648929,0.0059561798956262,0,0.00611646549036659,-0.00801233475928214,-0.0141561610476495,0.00209415360940294,-0.0272158957378583
2002-09-25,-0.0229226565872592,0.00631849016376427,-0.000183739103414473,0,0,0.00332774055548992,-0.0315499184331928,-0.00280333456149076,-0.0144599136612078,-0.0114320669027885
2002-09-26,0.00180198704222403,0.00404273762319824,-0.00367647162350202,0.00561105241022299,0,0.00582931229326807,0.0140612636314671,0.00726072712707562,0.0366621628105671,0.0140325177870522
2002-09-27,-0.0328842492988262,-0.0228283865229909,0.00692321981195369,-0.0128229704213039,0,0.00349301752222796,-0.00984289923565656,0.054039900663241,-8.72924783054035e-05,0.00809688948523449
2002-09-30,0.00606030170504967,-7.64404242700769e-05,0.00235901219036495,0.00193431943682809,0,0.00626539719370371,0.0274121163554329,-0.00621426346371994,-0.00732685825563794,-0.0220731924596112
2002-10-01,-0.00937103542303715,-0.00239864936801163,-0.016499610740683,0.00704094932656577,0,-0.00221723941181405,-0.025733102296514,-0.000660159405311708,-0.00249168127206516,0.0351151772658247
2002-10-02,0.00843899716428946,0.00309969054406515,0.0154015463672179,0.0065546357347225,0,0.0122374610815424,0.0233340343552376,0.0115780242484771,-0.00308157218121946,-0.014138298390622
2002-10-03,0.00805620270915284,-0.00179818403362621,-0.0131771619440031,-0.0113807637641937,0,0.00555137023604248,0.0266373433633171,-0.0679593621365319,-0.0497812607501665,-0.00706656704922378
2002-10-04,-0.0131783077814281,-0.00357131469179305,-0.00700220805206665,2.12307828774453e-18,0,0.0010545477869772,0.0106967054793384,0.0201014322437554,0.00212901511199826,0.0231199409301481
2002-10-07,-0.00438798601918332,0.0256311015043609,0.0257065362813165,-0.000414594292041109,0,-0.00112923496318777,-0.00974047907192142,0.00512654962813062,0.0267766474993712,-0.00146384621887378
2002-10-08,0.00314362711691154,0.00538895381772347,-0.0178001024064731,-0.00160133167473497,0,-0.006021452557796,0.0816128338837916,0.0282574872324108,0.041915631247169,-0.0399420716648732
2002-10-09,0.00824262147902277,0.00182735957505517,-0.00759332290222141,-0.00566548668473651,0,0.0042706865416588,0.000991467983013438,0.0138306267420039,-0.010151771410786,0.00944282724683508
2002-10-10,-0.00948905226519292,-0.00788026939518819,-0.0144499308852361,-0.00505881276335433,0,-0.00956336228930507,-0.00738094498523667,-0.00370505802198218,-0.000739279845121932,0.021918939763379
2002-10-11,0.00235294120873966,-0.000731379075276063,-0.0166149663853265,0.00831510933211169,0,-0.00407198510646895,0.00940312169352181,-0.00104292950717411,0.0105988796114502,0.00868619371156555
2002-10-14,0.016131872938718,0.0268743474374532,0.00285348483004276,0.00769792653382566,0,-3.15367876732704e-05,0.0927792456354894,-0.0558501395707417,-0.0198338034508085,-0.00397958387185448
2002-10-15,0.0118234675538471,-0.000927954715537107,0.0155152082147422,-0.00183199830241818,0,-0.0012304780623756,0.0259497212014976,0.00253314021754273,-0.000795796136899058,-0.0259049589563518
2002-10-16,-0.0126166257663922,0.00100518708155342,-0.00611687845675026,-0.000581999617812789,0,0.0149828189821046,0.0808527758836772,-0.125963425903962,-0.0716329838826573,0.0199406268752016
2002-10-17,-0.00324290958496212,0.0144337309855405,0,0.000540147503760699,0,0.00935293278814588,0.00261818185251588,0.00558264921528793,0.00200266579318529,0.0150877332288152
2002-10-18,0.00214854861419878,0.0206615442163497,-0.0415650222458145,0.0280091831118325,0,-0.0127472732718102,0.00714616639759938,0.0306461569052117,-0.00796243267833141,0.0294576826333946
2002-10-21,0.0477245090370867,0.0194713348499796,0.0132948069422736,0.000785205085963562,0,0.00367534496758256,0.0430738790113308,0.00494534955324944,0.002949188510945,0.00468618632903967
2002-10-22,0.00919916685977501,-0.00470117234028499,-0.00340025324742293,0.0117282702696078,0,0.000229533285125296,0.0063475148453559,0.00924001133634146,-0.0254300041825232,0.0073643358109298
2002-10-23,0.0181464298341964,0.00472685029463992,0.034241448312333,0.012353321964235,0,-0.0107956333835939,0.0154455155689825,-0.000875808275436677,-0.00135794487403762,0.000915001913268364
2002-10-24,0.00993184282438985,0.00623105662600562,0.00693256551736208,0.00308261410011717,0,-0.00894740967157545,0.024898595386636,0.0140000095238215,0.00404953310475577,-0.016024767942883
2002-10-25,-0.0126741683899895,-0.0303225644953767,-0.00614005972158312,0.0374757944751341,0,-0.00190111053871139,-0.0364009071121161,0.0097465950410424,0.00861148624516488,0.0134392947133936
2002-10-28,-0.0056904795696186,0.00250144391207218,0.0525429474532066,-0.0512976051470938,0,0.0114187021403677,-0.0176320454980594,0.0014911661943864,-0.000138415788396038,0.0701417060264812
2002-10-29,0.00899344719638612,0.000333889818196247,-0.0438233710988051,-0.0258877406179448,0,-0.0025556661345215,0.0185141686903678,0.00369420576280422,-0.0135632927196146,-0.00332355922086561
2002-10-30,0.047769824749476,-0.00284451810880776,-0.0325842001904465,-0.0177053664507025,0,0.00429777896081345,0.073631371129304,0.00572341720649855,0.0205924766557369,-0.0149032468731009
2002-10-31,-0.0643852713946548,-0.000869009603587689,0.0100557085213157,0.0644114827254905,0,-0.00718501805605032,-0.0582685222482894,0.0765135772673765,0.00842790962473863,-0.00980633381131578
2002-11-01,-0.00176618201516188,-0.00835977949340112,-0.0139372905734373,-0.00829544463643971,0,-0.00936093862156882,-0.00469979321675634,0.00159558313040931,-0.0204803065462783,-0.0061812706514811
2002-11-04,0.0146515233995346,0.0130111742422167,0.00878397108101429,0,0,0.00702228330893206,-0.00429800243766054,0.0143534134377573,-0.000990061365840966,-0.0151339325109944
2002-11-05,-0.0112391173449483,0.0117187389272111,0,-0.00108870981018035,0,0.00372487367374951,-0.0339113011937421,-0.0203258025543926,0.000739383665898592,0.027305916634561
2002-11-06,0.0133840286837462,-0.0500135133482374,0.0308361776393553,0.0146479207303264,0,0.00138737261720982,-0.0280921078520898,0.0515593310313272,0.0100259180941433,0.0129798257913096
2002-11-07,-0.0233938727490704,-0.0231760554034591,0.00541114109118078,-0.00745054847066324,0,-0.00816538126246788,-0.036294635543921,0.0315439412576068,-0.00397670439756032,0.116809413749124
2002-11-08,0.00995850884843814,0.000597916803480365,0.0511679957837445,-0.0242802762199926,0,-0.00638243900395915,0.00780568998181016,0.0161487014245556,-0.0001737464640727,-0.00248317483488088
2002-11-11,0.00235538676964644,0.000321189029296351,0.000320970046197931,-0.011721923801032,0,-0.015532299132475,-0.00552119747008447,-0.0355312283762273,0.00193294815662157,0.00339635307349881
2002-11-12,0.0146980146898034,0.00255812504773784,0.00913796335858746,-0.00339737335116848,0,0.00188386101575969,-0.0349198443002235,-0.0323440952207192,0.00068061650011658,-0.0136585679966986
2002-11-13,0.0102023628132219,0.0149618014398214,0.036993592958446,0.00904619697977295,0,-0.000577942913840742,-0.0138619394697952,-0.000432499228230391,-0.00983394360744896,0.0108027280972907
2002-11-14,0.0131147749844889,-0.000949517400030458,-0.00276939490057082,-0.00112044819422331,0,0.0307405318259598,0.0260529783825928,0.0232630829949192,0.0185623159649827,-0.00149526511800505
2002-11-15,0.00287641364585539,0.00500000016690775,-0.00426022926697055,-0.0362033209798839,0,-0.00296231800580216,0.00461982818300261,0.000397167424506842,0.000494727578898382,0.0192298949513459
2002-11-18,0.00375615071045305,-0.00575494306106801,0.0864335638529882,-0.00748190226421905,0,0.0124685318021266,-0.0199904252426252,-0.0518545346309413,-0.00497419242605831,-0.0233583904412482
2002-11-19,0.00179265061451972,0.00450271671599012,-0.0103059670401349,0.00567518684370173,0,0.0116649351056583,-0.00515432373064443,0.024408795486423,0.000735981770136147,-0.00967755856313047
2002-11-20,0.002936773861072,-0.00237362368032262,-0.0262900354791381,0.0632028876297629,0,-0.0169869075102648,-0.00166286401608443,-0.0105944726081541,-0.00495532902627895,-0.00445223739894903
2002-11-21,-0.00512923371690035,-0.00174332027994508,0.0177813383930428,-0.000755016898470837,0,0.00256597098541173,-0.0243280227775702,0.00430022442562037,-0.000368064858594708,0.00843579604424288
2002-11-22,-0.0217053075478736,0.048660403717653,-0.0263533877628364,0.00406781219122722,0,-0.0215880416932339,-0.0437718529836356,-0.0136358582719236,-0.0333682588049569,-0.0360655245492961
2002-11-25,-0.001451466900627,0.024474200294771,0.0042876285081722,-0.0399519970193958,0,-0.00955709556813616,-0.0140539881646841,0.00778231873547177,-0.00419361473508585,-0.0259693752547172
2002-11-26,-0.000655870050741387,-0.0102729869403881,0.0591134726305713,-0.0363857596616393,0,0.0039820915786096,0.00192895792784126,-0.00701384224217048,-0.00221979038172827,0.0132066480906818
2002-11-27,0.016122545206848,0.013482299740473,-0.053751326431387,-0.0142337476895741,0,-0.00792431445455894,0.0269331933252085,0.0031085907649197,0.000820295198737975,-0.006149318074038
2002-11-28,-0.000925460218391541,-0.00741265372326237,0,0.0439525909796558,0,-0.0433908190318287,-0.00113211363668031,0.000687407087564089,0.0226832323847515,0.0228303277387226
2002-11-29,-0.000603348597355333,0.000584738965682006,0.0013919871545816,-0.00128385183020325,0,-0.00860270632686806,-0.0105099895652008,0.0209750185858747,0.00133469491201518,-0.109955815199401
2002-12-02,0.00729062357195726,-0.00788645552905822,-0.0171520523091134,0.00491425213619099,0,-0.00974389307964781,0.0055463527716048,0.00797393762833275,0.000407183653390928,0.000256842445419987
2002-12-03,-0.032878001830459,0,0.004858013664946,0.026483899923907,0,0.00308265460458928,-0.0347779368067491,0.0287341172698167,0.000329907373931395,-0.0079582842856228
2002-12-04,-0.00159904091637442,-0.00175064462703283,-0.0112289471833975,-0.00299162444597515,0,-0.0012183003013736,0.00218898724884832,0.00453945840670146,-0.00128878492632869,-0.00994674635754309
2002-12-05,-0.0063758058136222,-0.00209856949969233,0.0131407726888399,-0.0019133034949662,0,-0.00629740209635076,-0.0482709388415482,0.0767127204784186,-0.00907902587669644,0.0360423890026172
2002-12-06,-0.00340227162406681,-0.0225281734850575,0.0134603659916641,0.0257089153113603,0,-0.00218163278063162,-0.000267132436982282,-0.0172041230966487,0.00147968649850387,-0.0149253868169727
2002-12-09,-0.0016652624943274,0.00647764567870997,0.0523204499571505,0.000198570296493968,0,-0.0026118687668153,0.00069858229871482,-0.0130230306317113,-0.000172204045173177,-0.00634869308993401
2002-12-10,-0.00222046006878667,0.00533876330203611,0.00674939825390552,-0.0030426597538881,0,-0.0265811916649508,-0.000656994316945266,-0.0209079265568651,-0.00201148993897558,-0.00404792768223361
2002-12-11,-0.046894338546504,-0.0101301967058124,-0.00621784155764657,0.121140670073611,0,-0.00115751906080651,-0.0553063199234462,0.0863526567459311,0.0585888754145552,0.0190875430072624
2002-12-12,-0.00104084839297611,-0.0135480951025719,-0.00214216231283513,-0.00843424010950199,0,-0.0063467623216206,-0.000855231396624597,0.00171527329939742,0.00913074191719681,-0.0455722082120632
2002-12-13,0.0133719038264647,0.0115515464990218,-0.0100291969919218,0,0,-0.00265231789115197,0.0175686218091935,0.0608281129006727,-0.0231125701493861,0.0186284862853739
2002-12-16,0.0119513990078144,-0.00777746662061668,-0.00328447822590937,0.0228339857730436,0,-0.0136881613074746,0.00667690619438078,0.0032721123062814,-0.00983596655913081,-0.00057693892820039
2002-12-17,0.00177491805646897,0.011154584417668,0.0165502680953975,-0.00756037331925338,0,-0.00355830854423041,-0.00641913455283662,-0.0211776358514756,0.00217886549692305,0.000123716457694911
2002-12-18,0.00122088198939537,-0.00116893269178241,-0.0131611555664103,0.0216510498368826,0,-0.0050290182503512,-0.0066680680555063,0.0115812918955487,0.00100967559469544,0.026990856572648
2002-12-19,0.00438981876085329,-0.000787008170074941,0.054555372281315,0.0119128413108,0,0.00979463690014241,0.00382902695524255,0.01191463190651,0.022684441730835,0.00871080589005032
2002-12-20,0.00740993728212236,0.00882597350792178,-0.000658890572482783,-0.0139792288749669,0,0.000637578516440691,-0.00303434784226269,0.00136078379884697,0.00216410086337428,0.0103559904778572
2002-12-23,0.016086849678809,0.0183707782060337,0.0158769819397399,0.0120360774721988,0,-0.00645078412356353,-0.0923040866782544,0.0453621867847186,0.014569890881357,-0.023963154581042
2002-12-24,0.00065980982780521,-0.000620242474848652,0.00383488690823505,-0.000657322380007511,0,0,0,0.00639759546693152,0.00408886172665513,0.00365767513744739
2002-12-25,-0.0179038382828508,-0.0031943882007213,-0.000426136368114498,0.00784465388643149,0,0.014230036661372,0.0327963687217138,0.0261081102799391,0.0176631770089628,-0.0174708909327312
2002-12-26,-0.0370570882263151,-0.0305995910054766,-0.00273924220061933,0.00434321023622826,0,-0.0409673856356563,-0.00740213213372854,0.024977570903148,-0.000730693084687308,-0.00430035872161941
2002-12-27,-0.0320774787197525,-0.0073875508017474,0.0024002179615429,0.0365454574150471,0,-0.0231464661477878,-0.0411497537195131,0.023959147482883,-0.0130129433557512,0.0624672239125067
2002-12-30,0.00411801380746723,-0.00460921703265728,0.0229681527840966,0.00618793001828609,0,0.00525080911855808,0.0119308308923184,0.0175243442224369,-0.00453253441265039,0.0118033947404146
2002-12-31,0,0,0.0119882398707885,0.00893385730869658,0,0,0.00178642490050678,9.53047948441908e-05,0,0
2003-01-01,-0.0528228129559752,0.0611289952128526,-0.00853561455670864,-0.0157578180563108,0,-0.00248841506888156,-0.0599773387034787,-0.0911492183611012,-0.0555656863347276,0.0639598069196954
2003-01-02,0.0434813176072234,0.00586033661506167,-0.00255183797736135,-0.0099571069356035,0,-0.0237830474958771,0.0099950158121359,-0.00460082847059936,0.0686076494812171,-0.016206084121055
2003-01-03,-0.0375725288657664,0.0013938149533718,0.129960594877682,0.148170149635119,0,0.00618102549276356,0.0158288996306123,-0.0034492541665601,-0.00592788937693196,-0.0302800307995491
2003-01-06,0.00574989605236534,0.0121499171907729,-0.0065727731989647,0.00752093140012194,0,-0.00357623573597677,-0.0255412780858861,-0.00994532133875648,-0.00835848780645431,0.027782216091857
2003-01-07,-0.0450164083452899,0.0292574572427065,-0.014349078209422,0,0,0.00401369956338641,-0.0124799403480136,0.0860784523078713,-0.0272429377288259,0.0682361749361448
2003-01-08,0.0116672277609341,0.0321153846025702,-0.00267268441099687,0.0108108123767175,0,0.0174943737034675,0.0155462944316316,-0.00254290871984051,-0.00600637873446229,-0.00423032506229866
2003-01-09,0.021591908957301,0.00274450049954308,0.00915761975238549,-0.0377460862978547,0,-0.018697994240187,0.0438936174606114,0.0281565020559479,0.00720046580709515,-0.00318271289043526
2003-01-10,-0.000909090919960387,0.0112467370130921,-0.0177675102055477,0.00416666902142037,0,0.0117799463952688,0.000245806825182461,-0.0482927803279157,-0.000581060306472476,-0.00523886316089298
2003-01-13,0.000321878255245276,0.00366921154369156,-0.00650685090494704,-0.00579172187377446,0,-0.0109232558389016,-0.00536127213346316,-0.00298632258105188,0.00763441523669025,-0.0553930142248594
2003-01-14,1.05070084260758e-19,0.0157053482392398,-0.00698749895228178,0.00111286284284464,0,-0.00720211220444924,0.00520268863502718,0.0567194182888219,0.000103782288195537,-0.0033220340255503
2003-01-15,0.00441989449955564,0.00671769646990764,-0.0348984786211651,-0.00683858131330812,0,0.00191618340871166,0.0162330894661766,0.0181641631323976,0.00710260559968335,-0.00854367469617763
2003-01-16,-0.00180587214181073,-0.0236649135149751,0.0565032014721342,0.0588226185286428,0,0.000593123711549227,-0.0298930037176113,0.0131864360921735,0.00269571161797024,0.000110323768986823
2003-01-17,-0.00163066498384652,-0.0141117626965059,0.0104194873815346,-0.00210221103805135,0,-0.000254063386365963,-0.00549587141479794,-0.0108430341895892,0.000911865384115444,-0.00386457136767569
2003-01-20,-0.00894267867448824,-0.0106072465674289,0.0296837015077006,-0.0529368314646593,0,-0.00273713730291639,0.0224549759595814,-0.0488717975445271,0.00511524279833829,-0.0015402845403813
2003-01-21,-0.00164179106382455,-0.00128696944104462,-0.0224834242581709,-0.0135294923805101,0,-0.000645729408387226,-0.000990062715065079,0.023861906803481,0.00442315412590847,0.00111590169346786
2003-01-22,-0.00200121270549018,-0.00352015185175033,-0.0482022244337757,0.0635181476597282,0,-0.00453312487380374,0.0110470564008027,-0.0294092679879979,-0.00339551647489482,-0.0167330272920256
2003-01-23,-0.00777780500639507,0.00971897621534893,-0.00162381695864571,-0.0216848116197807,0,-0.00170053594680327,-0.00650467632770355,0.0464733896689937,0.0911718412271931,-0.00663128895583863
2003-01-24,-0.00348644210037678,0.00094218429641833,0.0196091870073841,0.00182049883678692,0,-0.00336399505356022,0.00422654916681238,-0.00977211922654849,-0.0015319149292399,-0.00243656161720475
2003-01-27,-0.00503759902947309,-0.0143472121397648,0.00841677082465371,-0.007659351022602,0,0.036375092856799,-0.0137465457753063,-0.00390622189763418,-0.00256817829912319,0.00126337074763947
2003-01-28,-0.00143991153727925,-0.0369433448478477,0.0167614022468426,0.0167457282882685,0,0.00319457052788337,0.00571808182192229,0.00853286585952871,0.0189824534838293,-0.0348087203451908
2003-01-29,-0.00338591952720527,0.00310736202119391,0.0275089744174126,-0.0452594672484227,0,0.0457033816089092,-0.0165703554909936,-0.0187443898944115,0.0112264184866368,0.0280714283098968
2003-01-30,-0.0109246605902846,0.0159536094816725,-0.00708688355007922,0.00638298130027835,0,0.00776109404085303,-0.0230704884632779,0.00463590461757426,-0.034093264820568,0.0154437854995379
2003-01-31,-0.00318110274442748,-0.00445012886147229,0.0233686695613469,0.00352293831011052,0,-0.0321872128187234,0.0303230547348702,0.00627652719659026,0.0261021243456806,-0.0158162123058301
2003-02-03,-0.0118854183038205,-0.008579351197658,0.0382690791870228,0.048472991986751,0,6.59500099880675e-05,-0.0892269478570445,0.0570948951767654,0.0478657792719157,-0.0273811124792915
2003-02-04,0.00110835160654631,0.00632296966350193,0.0377783899768236,0.00361116501596105,0,-0.0111648841084451,0.0845137105883496,-0.0023263106502662,-0.0213586743493025,-0.0234676246930539
2003-02-05,0.022213056014613,0.00165944785265846,-0.0203252226886946,-0.00434108874954777,0,-0.00629501917579164,0.059638070095331,0.072585077861106,-0.00508168268545804,0.00325081439715599
2003-02-06,0.00136739635171886,0.0282144798296209,0.0106580959920985,-0.0153172949709085,0,-0.00870480778025792,0.0113341322740672,-0.00355417624973879,0.00204644032968254,-0.0179569649144797
2003-02-07,-0.00760200801825616,-0.000380905572759236,-0.00448734257607915,0.00291704855889909,0,0.0507996648887208,-0.000528946281739815,-0.0112557634792218,-0.0139674896066372,0.00745283343698733
2003-02-10,-0.000260671228601256,-0.00321538236014052,-0.00335593249261136,0.00225659700592333,0,-0.000261284213387896,-0.000351545357328285,-3.45251710128965e-05,0.000196896542626445,-0.00198044315224358
2003-02-11,0.00357775152439037,0.0173638893173692,-0.00635647126785326,0.00881898415143717,0,-0.00247163891967391,-0.00193031936596198,-0.0108157078865875,0.0122526628202403,0.00511298153184499
2003-02-12,-0.026704030715417,0.0120624273836663,-0.0976835670680144,-0.00593936634822779,0,-0.0286362918896756,-0.042121566875619,0.00454055619942623,0.0359897234799582,0.0338697269072836
2003-02-13,0.0302142720942806,0.00185609699295005,-0.00795830845752811,-0.0128898314608574,0,0.00368639538911036,0.0433035243156294,0.00458837171786832,0.00805043507783824,0.00531561492351651
2003-02-14,-0.0208217294255197,-0.0058801809519605,0.00219761731586189,0.011751908882017,0,0.00149871821017299,-0.0369368463167443,-0.00564307101752874,-0.0131351243783686,-0.00972892248817132
2003-02-17,-0.00533782309094528,0.00428652812563414,-0.00629867985090762,0.00130695227429356,0,-0.0279860858090546,-0.0145723643481161,-0.0171379624047818,-0.0425014234844973,-0.0913715877476609
2003-02-18,0.004618624551768,0.00721275051718128,-0.0463254272700737,0.00458209482626447,0,-0.0059532861656075,0.0420486306584732,0.0446682304436576,0.0242958691756791,-0.0125936562639825
2003-02-19,-0.0377047241221469,0.00155451830653882,-0.0197419805810557,0.0565130196584248,0,0.014912049790836,-0.0862359723275571,0.0341237237417656,0.00756705980242286,0.00486322854074797
2003-02-20,0.0034594423111641,-0.00305709106087556,-0.00120371167071209,-0.00268769109714327,0,0,0.00340106278009494,-0.0256212778254273,0.0120810041455881,0.00223695135285152
2003-02-21,0.00319548007378579,0.000151295474654943,-0.0586153391335294,-0.029807275425422,0,-0.04940949601785,0.0168334365632569,0.00697738083592213,0.000492051482028787,-0.00677181197099339
2003-02-24,0.000277867832503102,-0.0013911779881542,-0.00247586050200066,-0.000672268909316541,0,0.0176967481545881,0.0111578640086743,-0.0104254684675758,-0.000671033742541625,-0.00393343539767632
2003-02-25,0.0010003705190399,0.000519661878597384,-0.0252699502319146,0.000459932783852919,0,0.000696141146373399,0.00771191430651284,-0.0323146345463714,-0.0029563686879896,0.000512295113089994
2003-02-26,-0.00292330247139432,0.00279175771352281,-0.0154353798469216,0.0031047735706688,0,0.00165886291583932,-0.0317123055137367,-0.0382868940754284,-0.0426902498252201,0.00731053371543521
2003-02-27,0.00852368395923764,-0.00337930131642113,-0.0186464785177756,-0.00235378333250318,0,-0.0238359201571367,0.0215414485075106,0.0191134417150434,-0.0128271109471709,0.0150087298906019
2003-02-28,-0.0536241524376076,-0.00190301032619092,0.0104712998672954,0.0131144694218617,0,-0.00810583930294351,-0.0485890845756226,0.0187310916494094,0.0122662199593558,0.00352512714941941
2003-03-03,-0.00937069625136054,-0.0239180187142651,0.00806254725372894,-0.00374298199810333,0,0.00966533739587234,-0.00161946413514514,0.00419290478877599,0.00768180904559019,-0.00076335882438953
2003-03-04,0.024254721481068,-0.025315808561615,0.010166748456384,0.0330847028060496,0,-0.00347189803759956,-0.062765921751359,0.0932793651053292,-0.00222955926617521,-0.0347664509102453
2003-03-05,0.00928708259912992,-0.00374344908574313,0.00142949987629417,-0.00141567887738414,0,-2.03866671275189e-05,0.00795219860565526,-0.0353421514979198,0.000823153457806429,0
2003-03-06,0.00128280945162452,-0.000960848579285185,-0.00193700782832756,-0.0480875681655759,0,-0.00563534115774754,0.0379211388617005,-0.0221771057826716,0.00122189966622982,0.00658853685275424
2003-03-07,-0.0299374930489196,0.0029977520759827,0.0136696621888768,-0.0173385724427981,0,-0.00382634834670742,-0.0248311566658658,0.00659876242088876,0.00438060941001899,0.000772333306625016
2003-03-10,0.00532343648652012,0.00240182399773071,0.151943348709881,-0.0476622353515095,0,0.00502247118039301,0.02418859054746,0.0135396889954257,-0.0144250112763781,-0.0314357207395471
2003-03-11,-0.000398930174958731,-0.0199584025061078,-0.0801086684355091,-0.0207435806984128,0,0.00089515817499258,-0.00156285239350344,0.0296889573260767,0.00029045126651119,0.00297181898705206
2003-03-12,-0.0054800382190296,0.0183422699359639,0.00047118216350198,-0.00744118480497134,0,0.00263701022871277,-0.0887939081029882,-0.022876492998062,-0.026652327515427,0.0916264626753653
2003-03-13,-0.0523653578270515,0.0131545797590271,0.0399329942031543,0.0069141469038815,0,-0.00924731599987469,-0.0738849990303558,0.0169292976094547,-0.03864211779395,0.00526204669241365
2003-03-14,-0.0401951883374732,-0.00805489524013921,-0.0486734030088244,-0.00610799355435306,0,0.0288601672704944,-0.0859893191622173,0.016705586711404,-0.0108466595154389,0.0168796712447134
2003-03-17,0.00959909757578579,-0.00589756082081578,-0.00342067610643782,0.00175022797182441,0,-0.0105572264615763,-0.00225596535574687,-0.0129604289961183,-0.0125350087373088,0.00831053136156802
2003-03-18,0.00254489282982085,0.00116338540108963,0.0111354944790441,0.020926248444686,0,0.00101313701952365,-0.0216271297864008,-0.000268456385915672,0.00466313223554483,0.0793488114739977
2003-03-19,0.0132019545558592,0.00120762944874694,0.0218998058087866,-0.00392867872919083,0,-0.00236470526380096,0.0163271274163495,-0.0212605632647119,0.0151642071669609,-0.00897979620517488
2003-03-20,0.0675438028345051,0.00970700384553992,-0.0519647199240071,-0.0351695359792672,0,-0.0255332650013877,0.0419012505591008,-0.0439112371883849,0.0414171390206029,-0.00753915846320538
2003-03-21,0.0222644770311699,-0.0558280368583666,0.0330999102301555,-0.0089414316461476,0,0.00877760446724845,0.108679657273964,0.00842945971319688,0.0234132570564853,-0.0596118295885419
2003-03-24,-0.00289269792057776,0.00760137974213086,-0.0276933599811105,-0.0104060969567315,0,0.000669348588991219,-0.00305646891078084,0.0381956098756663,-0.000657083336638885,0.0207171636348674
2003-03-25,0.00750223065999709,-0.00259459560539438,-0.0112562865655115,-0.00207651102266712,0,0.00599736508632479,0.00104825593044468,-0.00323278559333979,-0.00462095311252619,-0.0043697204893629
2003-03-26,-0.00321176096521597,0.0452461383399553,0.0216505341889949,0.00735737451697527,0,0.00063930411153112,-0.00667076260541065,-0.000837388875494411,0.00194215173253776,-0.00450018809382359
2003-03-27,-0.00959530395128497,-0.0213184289849138,-0.0197117464394395,-0.01681530908546,0,0.000435937607104381,0.0163488506606617,0.0522728929567542,-0.037812325935765,-0.00607677267696279
2003-03-28,-0.0320917851811617,-0.0201262901544617,0.0185800283631152,0.00184682821163307,0,0.000653683796635756,-0.087672546060718,0.0205343901649838,0.0276276383898325,0.0562751767332788
2003-03-31,-0.00224677889213196,-0.00171129815174882,0.00294360842769318,-0.000541223217196825,0,-0.0191175577129313,-0.000206863433288179,0.0129361094413169,0.0032566184547419,-0.0055101796216411
2003-04-01,0.0078627924781677,0.0391319669128014,-0.0241927338275621,-0.034217623861114,0,-0.00545929522870029,-0.018954791942835,-0.0128543703207331,0.0167702048630648,0.0109674991255068
2003-04-02,-0.0132824928580718,0.00455690400265809,-0.00246748918591604,-0.00349536019935306,0,-0.00256097564502173,-0.00631136599693597,-0.00185208179477149,0.00112638636260874,0.0290310626534623
2003-04-03,-0.00984615795494135,0.0403807741421769,0.00424681709740399,-0.00983228005143224,0,-0.0156132406637409,-0.00184984793885506,-0.00101474552935332,-0.0182076808573144,0.00208716282368192
2003-04-04,-0.0231011952102765,0.00801056542759796,0.0450656307340211,-0.0287805552536068,0,0.0638646521524603,-0.0366641082197463,-0.0424434384429025,-0.0252407161088045,0.00902625320535125
2003-04-07,0.0274635402226957,0.000567522262040483,0.0342657339245664,-0.00118235258776412,0,0.000921353309912276,0.00632236478234204,-0.00484814483432979,0.0292185966444805,-0.0305030013472756
2003-04-08,0.0223861210372901,0.0267233518115433,-0.0493862551523641,-0.0206707315046463,0,-0.00424880019571117,0.020081665979097,0.0356976392099559,0.00454745701074217,0.00652626616943784
2003-04-09,-0.0128505964606131,-0.00593170728607728,-0.0144190298249885,-0.00190232311394813,0,0.00175151639410966,0.0173686617162146,-0.0455557825483231,0.00793559492661741,0.047529045237103
2003-04-10,0.00638190169428362,-7.63140322683508e-05,0.0123885062855612,-0.00457875585866932,0,-0.0227116484637384,-0.0544185490012794,-0.00460619566725562,0.00410290412465742,-0.00699858660449182
2003-04-11,0.00338101478073609,-0.000712128449206054,-0.0136510338009762,-0.00358843111144221,0,0.00850697555558916,0.0154266676748326,-0.000556722054383268,0.0123052832569809,-0.0115058962136318
2003-04-14,0.0115705600251231,0.00314409521891923,0.0386713534988128,0.0358679208540663,0,-0.00141316055880606,-0.000532125579070658,-0.0170688239974311,-0.00152392637693543,-0.0126361312170658
2003-04-15,-0.0395168474628399,0.00103053536450665,0.0270871084209983,-0.0222023149251476,0,0.025185130549597,0.067158812838304,0.0437377959474246,0.00962809872978123,-0.00424522467438372
2003-04-16,0.00102931716994105,0.00925443579929159,-0.0191432191334065,-0.00395079491390988,0,0.0168611012818302,0.000624206639879497,-0.00160840813318631,-0.000674257545583248,-0.00216058565689259
2003-04-17,0.00187482770239263,0.000489962147390063,-0.0112359575390315,0,0,0.000675559232337301,-0.00915477758710304,-0.0110964127348076,0.00136911413749747,-0.000217209691399308
2003-04-18,0.00248298750829752,0.0306475310099595,-0.00208333340691977,-0.00791224813104739,0,0.00743443713331154,-0.0294583354841737,0.0110901758619352,0.00046348565468077,0.0486767518883983
2003-04-21,-0.00879690452519342,0.00600368286304884,-0.0288585743281752,-0.0075952205072819,0,-0.0156957594347659,0.0881271186791861,0.0447945438240614,0.0097706251421789,-0.0180986925109027
2003-04-22,0.00679514382954306,-0.0180822595299247,0.00726628257679148,-0.0265534968058966,0,-0.00318697754291791,0.0267083988120747,0.000267965555417679,-0.000201685516557332,0.00116434127918779
2003-04-23,0.0270333600058526,-0.0467926261027374,0.0186456167827156,-0.00873002377235929,0,-0.00331005236805853,0.047090444537061,0.0138977204577468,0.0237404475544006,-0.0348351851010069
2003-04-24,-0.00047116386567789,0.00565132437543018,0.0596269897282993,0.00693381586525047,0,0.0150670848122166,0.0085192413420858,0.00288755649898304,-0.00165649546792529,-0.0295710548249178
2003-04-25,0.0119836745820608,-0.00255426251177743,0.0261545303535364,0.0079560857690573,0,-0.0110268797609702,0.0481003277712325,0.022414840196967,-0.0151137941250197,-0.0030241352169149
2003-04-28,0.0210813286948893,0.000817173254764313,-0.0134923856985574,-0.00177785797882312,0,-0.00285971090916542,0.0241988139968087,-0.0058902661165452,0.00651685668571358,-0.00904707071934912
2003-04-29,0.0103784933871327,-0.00171047736323951,0.0600580960638444,0.0134276475175872,0,-0.0451176049223563,0.0105781676916827,0.0329093656739996,0.0750873101815226,-0.062829208760132
2003-04-30,-0.0235631133216919,-0.0389440357849773,-0.0206377218944845,0.00866774420167011,0,0.0118753344039084,-0.0618993498323114,0.0246278218886785,0.0109441416052745,-0.00580101673022948
2003-05-01,0.00284849639060107,0.00540676154645679,0.00617919961292462,0.00533618132158155,0,0.00185928623716058,0.0207212316689193,-0.0644583057470744,0.00125768338855402,0.0025921591648098
2003-05-02,0.0170256792234778,0.00598205558057216,0.0156485287920168,-0.0157853226664272,0,-0.055084974705436,0.0172861596684982,0.023489425975749,-0.00687041195220076,-0.0218612204388466
2003-05-05,-0.0147117490046659,-0.0102725148582743,0.01012500120657,0.0620613447492341,0,-0.0107237865137977,0.0229933843147938,0.0264394790744069,0.0134830009021301,-0.0300207629120254
2003-05-06,-0.000476169481373052,-0.0310534667686338,0.0132862212931826,0.00619721408888392,0,0.0302897329451305,-0.0383703098408468,0.00670874762505085,-0.00637864131004337,0.0169983216024262
2003-05-07,-0.0677948616493901,0.0186993877037006,-0.0617410783880358,-0.00849928464723525,0,-0.00809623576804337,-0.0667883086107801,0.0464457981384438,-0.0137470897889789,-0.0317297458947461
2003-05-08,0.000426587733695411,0.00908892707061187,-0.0044717025884206,-0.00104202857640009,0,-0.000603058376759667,-0.000639342405807698,0.00031492848820326,-0.00548923945079288,-0.0173252050405081
2003-05-09,0.00812361608952585,-0.00426869438703008,0.0487655036259568,0.0185656832727315,0,-0.0131100491187148,-0.00209563789808409,0.0236162019457308,0.0154184865053704,-0.0222383664624605
2003-05-12,0.00638058929683111,0.000559353653803577,-0.00814814873029162,-0.00830164692487988,0,0.00449308783714522,0.00173661481581874,-0.0130420774578462,0.0129440897874068,0.00899242740697308
2003-05-13,-0.00234486954919948,-0.0447923559735195,-0.00583333375009473,-0.00798472687900968,0,-0.00650667958413818,0.0028457296696465,0.00599736988597255,-9.28557552739534e-05,-0.0133299249414705
2003-05-14,0.0146636585384411,0.00759048817412829,0.00633251260721418,-0.0168131768414216,0,0.00875240312424682,-0.0206381837568488,-0.0464482590074785,0.0521378243876633,0.0022407034704677
2003-05-15,0.0472774289090809,-0.00189766188219327,-0.0129659124236613,0.0103089959670868,0,-0.00514240229559272,-0.0151100626312284,0.0503112149226422,0.0375153797346277,0.000258464725321247
2003-05-16,-0.0918092900513281,-0.00785280109050092,0.020947993031724,0.0544148733735034,0,-0.0226625999277729,-0.0275431248839332,0.000816062465170193,0.00225661992471424,0.0136932429143391
2003-05-19,-0.00478960089419459,-0.0124435908082333,-0.0222797386622611,-0.00742004669194041,0,-0.00848744900931764,-0.0015460136995609,0.0113686518201244,-0.000234338185864673,-0.00596554407534313
2003-05-20,-0.000452894680899367,0.00381979390177265,0.0232098293860267,-0.0394704294698058,0,0.00231179615542254,-0.000696324953033609,0.0656648866784033,0.00663138789635847,0.0217833991314258
2003-05-21,-0.003719379758269,0.00274683523846401,-0.0187462243395498,-0.00402914726775621,0,0.0409728256696318,-0.00361557711426669,0.0017227903680524,-0.0023358075351472,-0.00170532070359107
2003-05-22,-0.0325900826865715,-0.0010082185464054,0.00334295764064625,0.00109767601675458,0,-0.0184008950456055,0.0212096871896551,0.0267675924504041,0.00437952540541854,-0.0206043162697586
2003-05-23,-0.0483252175443433,-0.00174560583507946,-0.0153624444485856,0.00508866765893238,0,0.00843146400001115,-0.00209456789264078,0.00324480515439334,-0.010125528229748,0.00874102054489492
2003-05-26,-0.000421247736042259,-0.000731573525282048,0.030581150263491,-0.0157791131640658,0,-0.000473226316608448,0.015082896821098,0.0050902305687618,0.0109577074588632,0.00833867978377928
2003-05-27,-0.0578225096603499,-0.00488281628956664,0.0403919605242615,-0.0220114908733592,0,0.0219829038907446,-0.0330143511249172,0.00838871402177315,0.0264232891148848,-0.0124519237877301
2003-05-28,0.0191166271287667,-0.0578468626199386,-0.00609090307216877,-0.00603224346465085,0,0,0.0333554700671503,0.0106611435720447,0.0462843821705983,-0.0216161651071348
2003-05-29,0.0821855363852327,0.0544288089873036,0.00387245822037092,-0.00510461040351347,0,-0.0021564140838773,0.0299659466758188,-0.0366358227987751,-0.0215943110757664,-0.0304996290713726
2003-05-30,-0.00129279211633458,-0.00394539993301255,0.0367860477546281,-0.00605435360412171,0,-0.00978245173054927,0.0147760570483199,-0.0108014308719536,0.00375443559590415,0.0241956962197998
2003-06-02,-0.00897823743930029,-0.0247226429955781,-0.00987937173774825,-0.00186078573870971,0,0.0191289244861984,-0.0294764892421617,-0.0351385162874902,-0.000164799794036942,0.0429377481795665
2003-06-03,0.0145771171188208,-0.00472639986133484,-0.0115376483169282,0.00211941074763444,0,-0.0355322971402912,0.00256156230530352,0.00899494326234563,-0.00338145204190902,0.0273316355947983
2003-06-04,0.0735506470042331,0.0522670822101081,-0.00810932627322382,0.00862813626053737,0,-0.0262402636671149,0.0867204303398335,0.0161162082618284,0.0830887583920533,-0.0329569824650428
2003-06-05,0.0975422397279505,-0.000661773573082589,-0.028855905254901,-0.0114196764293789,0,0.0281753986984334,0.100449817630979,-0.108394059912776,0.073899171344674,-0.0156696386570639
2003-06-06,0.0081033851665856,0.0132076805006665,0.0330071099554001,0.0361489116537394,0,0.00316173707744786,0.0520842468106097,-0.00479008436925794,-0.00135006599310601,-0.00945549396036478
2003-06-09,0.0121132066522472,-0.00448975393198311,-0.00103453525176544,0.00118580521706002,0,0.0172629298605804,0.00239771647093304,-0.0256791513644032,-0.00782771763051003,-0.00805255652047074
2003-06-10,-0.0153360985181687,0.007231578710358,-0.0940186067238684,-0.00688338766224487,0,-0.0015457734008185,0.00480641779772087,3.28226793388209e-05,-0.0254993454403181,0.00582268828401075
2003-06-11,-0.00408163289900624,0.000335882446079623,-0.0251956806728912,-0.00323557634444886,0,0.000666149166973783,-0.0167080543599198,0.0109804018654893,-0.00440022708847226,0.00264968158599391
2003-06-12,0.0122023935848614,0.000755780841915847,0.0129632548175325,0.000621654346752768,0,-0.0632112565134592,0.0341843386897833,0.00939591431063622,0.00324181893665614,-0.0126568354711273
2003-06-13,-0.000810913549129469,-0.0209118743359763,-0.00202141202770214,0.0232822844601763,0,0.0116407729124572,0.00329177084651435,-0.00747543724296272,0.000568215235357176,-0.0119098312372516
2003-06-16,-0.010296295869385,-0.000166458631860839,-0.0344957018564208,-0.0209661507132575,0,2.23838836141805e-05,-0.0132899041602438,0.000726287579366658,-0.000547802270988819,0.0116824409172967
2003-06-17,-0.0613015236993781,0.0107849337238872,-0.00095223969982658,0.00246090794476323,0,-0.00495423477849364,-0.100043293564538,-0.00799562134277653,-0.0641780071095501,-0.00118433296957907
2003-06-18,0.0057640649896325,-0.000274029726349455,-0.0129128282320771,0.0021566114662547,0,0.0209709022089357,0.023570902282198,0.00648346983951441,0.0105426993336878,0.00266261005630136
2003-06-19,0.0129196907202855,0.0300167569990366,0.0303890864955601,0.000205567452322763,0,-0.066633102826072,0.0644077991104096,-0.0641026800407011,-0.0180163092313168,0.000354714750432305
2003-06-20,-0.0105035941242332,-0.0248130951667176,-0.0490950404034184,-0.00256651693622401,0,0.00176665485772089,0.0399820820777795,-0.00543873051852535,0.0125781371129816,-0.0556042693781056
2003-06-23,0.019641605439026,0.0149719483165513,-0.00116112504183982,-0.00153859313582009,0,0.00803384770392753,0.0168174011002797,-0.0447127584223452,-0.0441717234380492,-0.00862106011959322
2003-06-24,-1.07742790617144e-18,0.026956163910313,-0.0720280442902194,0.0190362916914915,0,-0.0455243940577053,0.00307368458842084,-0.0112757528570386,0.0119515225248409,0.00588710405517247
2003-06-25,0.0783487296006339,0.00646497188073763,-0.00547375365949201,-0.0634029798147288,0,0.0251978860560249,0.0191896454913332,0.00866591752506564,0.0203833738021308,-0.0203364778462987
2003-06-26,-0.0165332762666587,0.0454673279419877,-0.000841409362262269,-0.000722332885964573,0,0.00273962631091909,-0.0255631545641825,0.00849949948257352,-0.00750089328731719,0.0344392399746805
2003-06-27,0.00783511128339687,-0.00354642634025808,0.015864784227775,0.0119322087201112,0,0.0156317239387935,0.00144906119694006,-0.0125141599320138,0.024301838695484,-0.0134239474931191
2003-06-30,-0.0266119128295911,-0.0215333328964376,-0.0166271741507429,-0.0062723317881893,0,0.00133136149301132,-0.0269108497284599,0.0568470789177394,-0.0176384080981093,0.0306928802436464
2003-07-01,0.0265974706517636,-0.000168380540223433,0.00185704351271404,0.00393608374705685,0,0.00423857386557492,0.0342857790737536,-0.0359895566338263,0.00127994426824949,0.00490778462595105
2003-07-02,-0.0149198033057786,-0.020659911741882,-0.00775102960278794,-0.00164498550188658,0,-0.00986473541394409,-0.00916274137136213,0.00035428230212015,-0.00249262181400382,0.00812191972885285
2003-07-03,0.00252393401484142,0.00394283749238625,0.0168111887093264,0.00570853055525306,0,0.00948111943167353,0.00658802625307202,-0.00955659708602622,-0.0106444036305616,0.00260685644512317
2003-07-04,0.0804572289686543,0.0318516595226157,0.000750828120605304,0.0554405149703352,0,-0.00676909640146684,0.0157596728407265,-0.0658350424299408,-0.0162798467761828,0.00518270762269122
2003-07-07,-0.0152798757888485,0.0310066717966638,0.0975714504879424,0.0238471977195059,0,0.0476634246933298,0.00161931507995103,0.0078422036156451,0.0129950658922909,0
2003-07-08,0.00381929417978208,0.00434915786953093,-0.014344331636438,0.00254820489538511,0,-0.00831086045838282,-0.0295996276789941,-0.00694658941288858,0.0146864267894792,-0.00186322589700266
2003-07-09,-0.018383558173619,-0.0021441480403323,-0.00808403871620909,-0.00132349198586779,0,-0.0076610872643965,-0.0112966602102361,-3.55755021641197e-05,0.00544125602959133,-0.00501061601240598
2003-07-10,0.00846042105043192,-0.000949202371236215,-0.053510663426975,0.0196178661201166,0,0.0286502102170424,-0.0426169515476873,0.0231935151385844,-0.0278702181226362,0.00105334693504099
2003-07-11,-0.00948081537141442,0.00759192974830132,0.00272644822027847,0.00523871075575873,0,-0.00523750711331992,-0.00274611230775992,-0.0316320582523039,0.00399439099196172,-0.0153820058209486
2003-07-14,0.0436062210361754,-0.0104798014887818,0.0308904292326403,-0.0655076697471168,0,0.0927929536867679,-0.00649702650027189,-0.0528713737238616,0.00664473318929046,0.00846678124186162
2003-07-15,0.0135582716932602,-0.00128052273825932,0.00564351470660572,-0.0191602716333968,0,0.00387784134836379,0.0461545707179002,-0.00165156367306892,0.00132047099429789,0.0527900327938996
2003-07-16,0.000249654504114294,-0.00216633738323035,-0.0357470680768674,0.00308272208507641,0,0.0234623416426106,-0.0111948862572716,-0.0115530822090019,-0.0447489162071516,0.0400102146682748
2003-07-17,0.0111832566154912,0.010997997988635,0.0245178618174795,-0.0166064747384635,0,0.00678380806329199,0.0175935022334218,0.0480454124731732,0.0338212474800074,-0.0193543038515027
2003-07-18,-0.029757377024187,-0.0244200286570018,0.0168065144830957,-0.00370145112215104,0,0.0111482550401184,-0.0132352059709598,0.015665670871976,-0.0100676703264299,0
2003-07-21,-0.000899827979316032,0.00371261616549293,0.00483536749502586,0.00323225309258242,0,0.0151359354648503,-0.0191202156835408,0.00414960318385138,-0.00355967505205722,0.0510957020641634
2003-07-22,-0.00889855493515247,-0.0136164210751,0.0868769536409261,0.0047549420339235,0,0.0161412567709476,0.0365749273777859,0.0540636017767376,0.0236705736810726,-0.0432460365099464
2003-07-23,0.00635820798822567,0.00111780460143588,-0.0677283958916178,0.0250622837261904,0,-0.00129023017058234,0.0152670746652998,-0.00481320812158585,0.000458058987607239,-0.0190272105029898
2003-07-24,0.0282629198338104,0.00921249273812859,0.00794403250610227,-0.00816743433402495,0,-0.0813009267495624,0.0379637729277334,0.0121345293754087,0.0274541351491713,-0.000672325563780432
2003-07-25,0.0030846765919452,0.000450076286132292,0.00156579344754302,-0.00353741510240367,0,0.0179240644184518,0.00379534923131853,0.00859805817501706,-0.00256326851142744,0.024908773391001
2003-07-28,-0.010143543766106,0.00189532637002161,0.0105571881133378,-0.0167543398147523,0,0.00103237921896766,-0.0235337933106939,0.00297382546307339,-0.0138114238847174,0.0301363193207828
2003-07-29,-0.0074184767442896,-0.00291079843804283,-0.0191715089938149,0.00893097085326677,0,0.0404882833349817,0.0342426056316752,-0.00267039024892485,-0.0249993350562532,0.00638875135302045
2003-07-30,-0.0464674012198961,0.0325130003800339,-0.0778987806767595,-0.0236447505878674,0,0.00721094154375304,-0.0218922246080197,-0.061754069855157,-0.0070281575583634,0.0129353673717001
2003-07-31,0.0102454659764153,-0.00202296858319811,-0.0258864666643823,-0.0450016461309979,0,-0.0245666627202536,0.0179998693943853,0.00171515859687514,-0.00708860869266555,-0.0144698825222695
2003-08-01,0.0335561492539779,0.00179071201751283,-0.0346557410167566,-0.0157151696368559,0,0.0139860325968367,0.10583335508565,-0.00747382489305206,0.0177925035901949,0.0387255642106853
2003-08-04,0.0148161278542775,0.0112287060639784,-0.0155868497707545,-0.015649209218111,0,0.00277866857526509,0.0258743484777872,-0.0129314375607232,0.000298821340626992,0.0139980298414287
2003-08-05,0.0104614388422372,0.00318152650536585,0.0083449450279931,0.00294244433134744,0,0.000854914055640448,0.0247850797785979,0.035380341962195,-0.0160624204168875,0.0182469683406599
2003-08-06,-0.00483346546618883,-0.012397238094868,0.00714176134376727,-0.00825735941923071,0,0.035667473362462,0.0114938317641831,-0.00481770477680769,0.00157353904889234,0.0160630665791326
2003-08-07,0.0190409815943774,-0.00502856194805624,-0.0250594904510951,0.0176941125982013,0,-0.0154000890362643,-0.060040871921736,0.00513678921388921,-0.00298188347594974,-0.000218570069250506
2003-08-08,-0.00851967174811367,0.00609149715218677,-0.0342023917582932,-0.0181757450296645,0,0.0108873641910935,-0.0245370125213779,-0.00430428767648278,0.000369685775690379,0.00859456345223685
2003-08-11,-0.00547693183807294,0.0131178452608564,-0.0252126560823463,-0.0018367347647096,0,0.0307937618307046,-0.0105979266235762,-0.0201352040638625,-0.0114026411675054,0.0096283792025745
2003-08-12,0.000477580271222443,0.0158987596802711,-0.000182565040203584,0.00107097343457907,0,-0.00130001446494795,0.000329416935708084,-0.0444489855517911,0.00494238803422912,0.0575565744866521
2003-08-13,-0.01996015347221,0.00224607315560993,0.0117001886085045,0.0276619704232528,0,0.0292067013875807,-0.040194228021731,-0.0253827658247749,-0.0164531400935258,-5.87125183821663e-05
2003-08-14,0.00473120304662513,0.012359909446053,0.0334449407539835,-0.0223601562095431,0,-0.0111187373033349,0.00340735396418719,-0.000392254997826862,-0.0047588308423084,0.000276810805470319
2003-08-15,0.0550102817685487,-0.0140747949179644,-0.0136512254616121,0.00595978067117929,0,0.0128192457199055,0.119671458676929,-0.02758110502104,-0.0413529690315571,-0.00719135230162842
2003-08-18,0.00113156727973379,-0.00224761548637362,-0.0109739453975695,-0.0153005755982582,0,0.00174729054379591,0.00211351177769791,0.00056898439090378,-0.0226421893952173,0.0291495914656904
2003-08-19,0.00930713688166349,-0.0073850655507196,0.0263667405162905,0.0238502660688377,0,-0.00502247683583563,-0.00805350095882232,0.00104905646353889,0.00736618616263157,0.046840364471364
2003-08-20,-0.0421156630139125,-0.00279951590158908,0.0733451138750864,-0.0184508664741199,0,-0.00876183063307773,0.0703156548579477,-0.0138374245254107,0.0462458451132198,0.0171908889180303
2003-08-21,-0.0161924766783244,-0.00646756900367432,-0.00598482565930767,0.00153741152902316,0,0.00295307738468266,-0.0483632522990274,-0.0195870525164642,-0.0237394361741662,-0.00254982790043248
2003-08-22,0.00824638112404282,0.00335621923218585,0.0361346238241782,-0.004931085643176,0,-0.00760334298955433,-0.000296275399456739,-0.0040883033281962,0.00432076481345899,-0.00370008130830808
2003-08-25,0.0011944143864428,0.000305343570759978,0.0410308570697011,-0.0356808480817911,0,-0.0355721824667107,0.021748756284608,-0.00235208031446179,-0.000855012144589239,-0.000476798656152487
2003-08-26,-0.00231192666388205,-0.00377442429981655,-0.0200296311738084,-0.00724617390920127,0,0.0231347968045171,0.00510747310122188,-0.000313539006323765,0.027064259283754,-0.0104627481073022
2003-08-27,-0.000128487536032085,-0.0117374669261816,-0.00203140940237655,-0.00592099756636357,0,-0.00164227209406911,-0.0101950521104277,0.0222792984653237,0.00479720837203736,-0.0278139805739633
2003-08-28,-0.0426501376869267,0.00547945311264782,0.050548281351877,0.0606540313480839,0,-0.00869164685857739,-0.0360384724188134,0.0928333291700808,-0.0129895281031026,0.0194792956607398
2003-08-29,-0.00182390227044101,0.00262614367091259,0.0510086893142348,0.00193805187551363,0,-0.0127905922973657,0.0094946195932144,0.00153401794632638,0.000439473828394526,0.00145816359399301
2003-09-01,-1.05823543901535e-18,-0.00169254345631015,-0.0214619888904543,0.0524140523709099,0,0.0425889905573968,-0.0376609469014327,-0.029270299999846,0.0173387775135086,0.0225812175247117
2003-09-02,-0.00124372387244248,0.00114427389409171,-0.00382603301940426,1.75947919869721e-05,0,-0.0343054820239614,0.000523875261271689,0.000305289271865904,-0.0189794912198568,0.00248040700782819
2003-09-03,-0.00336382481189593,-0.0161185261302202,0.0105517869657181,-0.000316233573446049,0,-0.011185828405953,0.0114563059144033,0.0326769251261456,0.00685493637053129,0.0476633995675555
2003-09-04,-0.0802708882156589,-0.00858289900136021,0.0571633160860157,0.0619241502459764,0,-0.00174927144678796,-0.0765839005887173,0.0902050998215668,-0.0557543061482224,0.00718563126644496
2003-09-05,-0.000540054333549336,-0.000182533438297876,-0.0171745591644076,0.0105235923489719,0,0.00025533467363168,-0.0111151232304061,0.00101830529401592,-0.000906256262724294,-0.00601703759603679
2003-09-08,-0.0230347383444254,-0.000169806021745659,-0.115690516123001,0.0338460686924927,0,0,-0.00912218776018008,0.0268776938033324,-0.00219122408551858,-0.00385670217617455
2003-09-09,0,0.00113129282969654,0.00894389808773752,-0.00678317702193266,0,0.000124491979023744,0.00833035379503855,-0.0178460197968305,-0.00316966174598162,-0.00410432384624877
2003-09-10,-0.00144791534821668,-0.00130686113041467,0.00847380937654798,0.00746973882552151,0,0.0140207614399655,-0.00173010388115077,0.00748486330452,0.031742416532952,-0.0027317741116085
2003-09-11,0.0733361841413916,0.00335190504976857,0.0349207522326231,0.000445854412479434,0,0.000723978444689556,0.0157752793301646,0.0105419996808502,-0.0643138754010368,0.0175048062031058
2003-09-12,0.0120226328388881,0.00734299745400448,-0.0171403087179295,0.0263069226184584,0,-0.00510282827227358,0.0109286490164757,-0.0019902959208361,-0.015466791785929,-0.00134617023415159
2003-09-15,-0.0060968224592856,-0.0163591335691544,0.0540364207490335,0.00986519238833877,0,0.00621754398450985,-0.073820159585842,-0.0061051647823422,-0.0453955115051918,-0.0328898682532573
2003-09-16,0.0301219385230271,0.0138588939514889,-0.00995626982118413,0.00658663022806317,0,-0.0142099735132229,0.0627165345722675,0.0821858091987285,0.0502932330902205,-0.0204521069304604
2003-09-17,-0.00472825957801453,0.0103481945724392,-0.00345579188487459,0.0132853659696973,0,0.00784701770369726,0.00932788695518305,0.0315186623598401,-0.00433386301258797,0.00273345642256099
2003-09-18,0.0833745031278496,-0.00749064186083742,-0.0440531484107745,0.00842344275355439,0,-0.00699174516858,0.0607426287883022,0.0248962552402441,0.00810054920740848,-0.0934648859373791
2003-09-19,-0.0719709320655044,-0.0351077812026242,0.0393981251531374,0.119357426281138,0,0.000980028430820832,-0.0402623147015135,0.0490061268931319,-0.0244981651122265,-0.051908189548785
2003-09-22,-0.000913798369581741,0.00954566791983455,0.0312757643028089,-0.0137879517202753,0,-0.00148061084852951,0.00487985244581292,0.0885237686962538,-0.00847519931540597,-0.0130555341960865
2003-09-23,-0.00130656348886244,0.0101287984156125,0.00397790073237098,-0.00872410378544044,0,0.0183456533479844,0.00106359418538303,0.0131972086139843,-0.0106935183007427,0.0121147008201153
2003-09-24,-0.00645329997014527,-0.00868254867666252,0.000471593840659184,-0.00858751464463506,0,-0.00880643568272133,0.0241796707653267,-0.00174525046178974,-0.00135840306487107,-0.00988419082159421
2003-09-25,0.00172376280966293,0.00506176620471551,0.0076280839315122,0.0129840658105652,0,0.00892984704131143,0.00736497655062582,-0.0178932053633604,0.020736663504856,0.0181087678445359
2003-09-26,-0.0592432415289031,-0.0187235021169267,0.00533412497915175,0.0533854628612903,0,0.00237805160386548,-0.0537884342634512,0.0104480900520737,0.0347130541786014,0.0262235879933295
2003-09-29,-0.0104788203756191,0.00736465705115935,0.00420139569413982,0.00556212208187981,0,0.00129519370799482,0.0313106077481141,-0.00402615982875781,-0.0238169565158751,0.0261900998384129
2003-09-30,-0.0174985102192834,0.00961192600614662,0.00162911868779964,0.00281785153956455,0,-0.000978647751385004,-0.0146171163145591,0.00592451762827047,-0.0107287524536997,0.00712426136184595
2003-10-01,-0.000632803148455201,-0.00095883052095825,-0.0394905051974963,0.00220662059955235,0,-0.0103583350954803,0.00505261646079876,0.0197001929614017,0.0329260769473885,-0.000289017341826456
2003-10-02,-0.0686531012923318,-0.00456306961946587,0.025974188229344,0.0168251781296943,0,0.0359236698620366,-0.110416517282162,-0.0195296074789046,-0.0637084863888147,0.013175709740506
2003-10-03,0.0497901200820967,0.00303149471426409,0.0161104442780901,-0.011536550876226,0,-0.0171454267726849,0.0854638155775344,-0.00901387769818182,0.129416489407627,0.00328134863377097
2003-10-06,-0.0301090759463153,0.00309613071521044,-0.0789505649896959,0.0120765098823851,0,0.025604707349512,-0.00947393441776777,-0.00755591927535885,-0.00557718497794671,0.0261651280091305
2003-10-07,-0.000407262916780014,0.000336963722735378,-0.0109525549743687,0.000401673655168855,0,0.0222539380627705,-0.000395407196417709,0.0151321075656217,0.0019515982593716,-0.0239278266856339
2003-10-08,0.023206048746346,-0.00234544190197434,-0.0270231431724041,-0.000653102249355858,0,-0.0326943481070136,-0.0227437025316194,-0.0404821830084135,0.0149253217918582,-0.0319736923252605
2003-10-09,0.0396837540650641,-0.000726879550674066,0.0175535859219813,-0.00655081409122945,0,-0.045522734295302,0.0527916674737892,-0.00630040255338034,0.0315745556293606,-0.0407457469144325
2003-10-10,0.0525397350211491,0.00109319159492574,0.000984223504116681,-0.00580774559929932,0,0.00054500037951339,0.072182002851938,-0.0583236344060609,-0.0175303935263161,-0.0117295652494596
2003-10-13,0.0364964223837952,0.00348639672652574,0.0115159022636866,0.00642786267940422,0,0.0103467854284617,0.0711747172703073,0.000422602280174258,0.0168423562354979,-0.00179989904724072
2003-10-14,0.0452581114965332,0.010585536691244,0,-0.00453553176063229,0,-0.00693353581113207,0.0793838211815077,-0.023248080306334,-0.0156505082691442,-0.0303242262793923
2003-10-15,-0.0106502801086545,0.00254133952187364,0,-0.00255892294571961,0,-0.0151412378947577,-0.018704935801075,-0.000393209739252612,-0.00231358248842666,-0.00383369090676177
2003-10-16,0.000490385856541611,0.0030930002131307,0.00344702904243029,0.00571957661234756,0,-0.0168294688697365,-0.0095830848381719,-0.00397168491632057,-0.0121677871357124,0
2003-10-17,-0.0244189669668145,8.9672694904816e-05,0.00650665165159459,0.00392782282002913,0,0.0157881074751719,0.0105310564430072,-0.00442487279696697,-0.00297052832126327,0.00596691869367221
2003-10-20,-0.014402062517161,-0.00202002101898666,-0.00379749687690046,0.0310416478913534,0,0.0103131951373663,-0.00664362153366703,0.0350533046792516,0.00326934066483824,0.0301998068902077
2003-10-21,-0.0123707165847668,0.0312010657186425,-0.049252158447192,0.0169413355310922,0,0.00851589718745456,-0.0158815670982309,-5.2953832593181e-18,-0.0192133659066621,-0.00883726272468721
2003-10-22,0.00386817745016671,0.0081900379995809,0.0635072009480706,0.0195965960369497,0,0.00419934215031089,0.00108765931425494,0.000436247822282835,0.0105949779943497,0.0246801349897177
2003-10-23,0.0212327000095857,0.00429245673005172,-0.00556506943743126,-0.00826636413726137,0,-0.0201889182268988,0.0364206976463907,0.0183988734839447,0.0151292810905305,-0.025131421426158
2003-10-24,0.04133857413168,-0.00205025530771363,0.0424976038668101,-0.000589873837820578,0,0.0211990920817891,0.0640372973325664,0.000928632794647091,0.00320603544917414,0.0231618446030505
2003-10-27,-0.0502434528563182,0.000619414251548989,0.0040445612993389,-0.00366612320792746,0,-0.000228667253806289,-0.114735937777956,0.00273045779673747,-0.038181280922813,-0.00169679085689391
2003-10-28,0.000513896628983503,-0.00162036496879106,0.00323771664485008,-0.00274420163193061,0,0.000213455307898001,0.00642736352275002,-0.00145409666656402,-0.00818360142346345,0.00253912674489069
2003-10-29,0.00377488437277604,0.0111127513713342,0.00544526901073259,0,0,-0.00640927998425474,-0.0093910849890588,-0.00256081227934872,0.00444813857589714,-0.00689276121905028
2003-10-30,-0.0110809867775469,0.00202854113916611,0.00526167028722778,-0.00102865542100899,0,0.0246595073335793,-0.00592993120460108,0.00179499963077342,-0.0222300221995375,0.00641424172546044
2003-10-31,0.11698549674529,0.0471442086621703,-0.0623869074309937,-0.0176672822406812,0,-0.0184610471570266,0.0292038854009724,-0.0445010074251994,0.00831660392990342,-0.0278041203642484
2003-11-03,0.0151487645736595,0.00110625421650054,0.0153977863097345,-0.00510221423550762,0,-0.00450552264853294,0.0114117660221192,-0.00282666830558482,0.00720490009178125,-0.0621888653650978
2003-11-04,0.0412718322245601,0.010371839540977,0.0813153001526389,0.0405009693831842,0,-0.00162296234528122,0.0101188241185912,-0.00788029698907034,0.0116639263064153,0.00903296942167559
2003-11-05,-0.00501902343173503,0.0383044722522751,-0.0169395934088471,-0.00438919294582366,0,0.0123632693685688,-0.020479933116924,-0.0110087779201234,-0.00154476397950778,0.00141676571140781
2003-11-06,0.0382495472151034,-0.0211850869333768,0.0121930683876572,0.0238889699783859,0,0.0011206073721142,0.0643788101160335,-0.0306904668688466,0.014289378782577,-0.011251379849796
2003-11-07,-0.00750586667525935,-0.00210513729271314,0.0058881728689948,-0.0166922755085887,0,-0.0295262894518517,-0.0415370137678741,0.00677843025948405,-0.00732033008697505,-0.0758324175268388
2003-11-10,0.00453774961208838,-0.00654442040338565,0.00568237458982489,0.00953451742133635,0,0.00620450510832309,0.0295249468174823,0.00164535363930902,-0.0036421427042588,0.0398451934733698
2003-11-11,-1.38060600817077e-18,0.00747352556361069,-0.00254048098717055,0.0030666030137964,0,-0.00324359182497096,-0.0299072619212402,0.0953327281020785,0.0625999711478812,-0.00369655181790719
2003-11-12,-0.0221404093255187,-0.0386172984043342,0.0159605062071086,0.0173394236997427,0,-0.000922438493626794,-0.011238714888247,0.0106683420856052,-0.00728658550753695,0.0141935678387572
2003-11-13,-0.0145397443874825,0.000207610405768975,0.0146341503220863,0.00433298989099201,0,-0.00405499195471668,-0.0262982428940362,0.0275080913306744,-0.0130066808843757,-0.00066466655104274
2003-11-14,0.00500553392013503,0.00213383969450437,-0.0414549565813437,-0.010029494458219,0,0.00992901794524251,-0.0373703335627798,-0.00901455330843508,0.00194531231821036,0.0213803780967689
2003-11-17,-0.0537757536645904,-0.00524158531832502,0.0452206747669293,0.0477633562832524,0,0.00943065724761999,-0.140793700399999,0.0694121270470992,0.0437791020283414,-0.00687184240937749
2003-11-18,0.000907410521375682,0.00288404960403656,-8.31197618563044e-05,0.0214230474069513,0,-0.00746314971493611,0.00062138007778519,0.0186674037216737,-0.0030672177318729,-0.0135357129109583
2003-11-19,-0.00277357544959918,0.00223503210320354,-0.0111164969222119,-0.0185506522250332,0,-0.00475752088465456,0.000621427752177701,-0.00590221250793268,0.000899875666155635,0.0168324633279385
2003-11-20,-0.00864306637096257,0.00475505691144051,0.00788163762022765,0.00158841484968133,0,0.00373085647973171,-0.00473664707283799,0.0187500100313535,0.00455914725300643,-0.00151494287194413
2003-11-21,0.0100664250953951,0.0165917173011097,0.0612634769240651,-0.0151887091468882,0,0.0209807077348723,0.0433531355896325,-0.0530825003278827,0.0422025835590252,-0.0314290169245991
2003-11-24,0.0066547862579697,-0.000223970789327406,0,0.0035258173986389,0,-0.019448513865326,0.0264431688432589,-0.0019515162067274,0.010880213465254,0.00723816519173851
2003-11-25,-0.0194284709358419,-0.00145557632739738,0.0396172572956527,0.0284620305536939,0,-0.0414830295190318,-0.048257507338559,0.0845946784236897,0.00742957270870509,-0.0108325786434388
2003-11-26,0.00125939343496855,-0.0179078414669609,0.000747198050390018,-0.00280942775934341,0,-0.0023887013880635,-0.00173243676689313,-0.015045193421148,-0.00549708045906689,0.00461623028530696
2003-11-27,0.0215674207663855,-0.0189534026118047,0.0119875616891965,-0.00361022150565575,0,-0.0352265805021065,0.0524677960380527,0.0118549967788508,0.0125584841541389,0.0223908721320158
2003-11-28,0.0108211960831483,0.00366034345847373,0.00781584746720641,0.027114755175539,0,0.00429983854176287,-0.0315440709245711,-0.00812052023388833,0.00734674709103301,0.00543056651521009
2003-12-01,0.0247486600525267,-0.0330301671794968,-0.0296378351019118,-0.0189288171111043,0,0.00450017757744989,0.063370975486022,0.0274477355325628,0.0314465771909676,-0.00714223345613591
2003-12-02,0.000877047825930859,0.0179109750749988,-0.0096160733064609,0.0121062431336564,0,-0.00186325883786742,0.0163503094518547,0.0359537287181325,-0.00771003728562774,0.0474243295568037
2003-12-03,0.0123967005652139,-0.0040708649089019,0.00163198698435094,-0.00876014673449056,0,0.0156119875674316,0.0102946392845007,0.0274134621220878,-0.0193509465970202,-0.00973782888818694
2003-12-04,-0.0237854059948659,-0.023478277307493,0.00180841675220076,-0.00238519379308269,0,0.0421536248062351,0.00781088686345212,0.0146859541159397,0.00600782018610089,-0.00222387096506707
2003-12-05,-0.00922928380287162,-0.00211493674819459,0.00995601352285442,0.0138800920203974,0,-0.00239705695839948,-0.0817382272490126,0.0104846889644157,0.0286934863367063,-0.0217786508129636
2003-12-08,-0.00553168907777153,0.00264642201056886,0.0162702751232274,-0.000432733215838692,0,0.0662249780182165,-0.0047192522783468,-0.00501121178632435,-0.00206981016970937,0.00293939269830899
2003-12-09,-0.00250470660678214,-0.00381946469657529,0.00291931406063843,0.017830968917608,0,0.00825436289488395,0.000615384626875955,-0.0158928603498079,-0.01189125344115,0.0868323381585584
2003-12-10,-0.0260870091887702,0.00134139700522664,-0.0234115443706851,-0.0234803774835456,0,0.0767164811204107,0.0385530372618529,-0.0186696210717875,-0.0386298908491209,-0.00439763733776938
2003-12-11,-0.0109594619467967,-0.0137879768471287,-0.00296208533386215,-0.0099613722657466,0,0.052432675930698,0.0866846360184433,0.037940622587891,-0.0145478121397,-0.00275165823278
2003-12-12,-0.0014629392037806,0.00564347781459258,-0.0121032839607214,0.00175668390523516,0,0.0046417919968531,-0.0055496096877616,-0.0133930831154108,0.00027098062237958,0.0145684370931018
2003-12-15,-0.00579498479686016,-0.0152343163736557,-0.001451417828923,0.00787813907684922,0,0.0791385535777438,0.00178536025838184,0.00675479553967113,0.000696550141332635,0.00135839226294421
2003-12-16,0.0196467533240041,-0.0476944272439488,-0.00207142414546383,-0.00430968479469986,0,-0.00990114073958665,-0.0461447758913607,-0.0124038213055203,0.0211362289244939,-0.00186271824372405
2003-12-17,-0.0036249397803583,-0.00391891160114805,0.03010728066773,-0.0172919698921909,0,-0.00484867221589902,-0.00727243928237964,-0.00282839297760501,-0.00270025976460293,-0.0273539611201616
2003-12-18,-0.00152351839592957,0.0171593373914668,0.0102376713687095,-0.0111463785671683,0,0.00741326544541141,-0.0063465547917239,0.00783893839969281,-0.00366102307604349,-0.00142857192439694
2003-12-19,0.0039756467659535,0.000929152566455856,0.00277400548517666,-0.00461288242984689,0,-0.00711267177064497,0.0040718754790959,-0.0101778622586685,0.00133821718502541,-0.0369249784368699
2003-12-22,0.00628956251334679,-0.00132694437085959,0.00250391440714206,-0.0137082360825623,0,-0.0326426933869884,-0.0119949264230391,-0.0354959049645829,0.0025786741448281,-0.00259643586906168
2003-12-23,-0.00466876803944612,-0.0332477283480484,0.00479060667996237,0.0460072849816631,0,-0.0620398435770659,0.0944882307760619,-0.00440018699152717,0.00670343085359919,-0.00932420555705603
2003-12-24,0,0.000743913463880576,0,-0.000741427300520833,0,0.00935636900402452,-0.000240480966559627,0.00384274323932335,-0.000853730317439664,0.000894812887407914
2003-12-25,0.000578638692886376,0.0018955209936171,0.00226537229185746,0.00098795925452839,0,-0.000978368997580208,-0.0134484929588628,-0.0317318285507679,-0.0079959042721581,-0.00680843175635461
2003-12-26,0.0171834628321026,0.000789889499296807,-0.00172483559606924,-0.0124759517500181,0,0.00380013007504396,0.0246304121387632,0.0470230449121711,0.0214854438713449,-0.00193358628388818
2003-12-29,-0.00223695964116897,-0.00431784673694927,-0.0542677801192333,0.0128344947644684,0,0.0353974276018642,-0.0129141078573354,0.0136210720210516,-0.000870272027790908,-0.00299093394986531
2003-12-30,0.0030118333595169,-0.00368260190078146,0.00623668573567944,0.0017114920953176,0,0.00526254902539453,0.0115016518388155,0.0239147007548882,0.00816920949306522,0.0123065621021165
2003-12-31,0.000549210013423198,-0.0178346557558749,-0.00191476633082282,0.00311307807621091,0,0.00402902195094075,-0.00303848617068621,0.0116466522107083,-0.00464945692297426,0.0017868776639269
2004-01-01,-0.00254311586645919,-0.00777350105254972,0.0231667000647148,0.0289018145774977,0,-0.0148641592648194,-0.00196292335172431,0.0121872544930982,0.00280619716050672,-0.0252228348950958
2004-01-02,0.0493555391935144,0.0233884520959086,-0.0419121836788918,-0.0230741674279994,0,-0.0151272670235928,0.0368690237745186,0.000202755982202429,-0.0141137859491061,-0.0276083692781039
2004-01-05,-0.0246101614529593,-0.0228182530387426,0.00903838481393282,-0.00258774556135581,0,0.000187222098283281,-0.00882078431189046,-0.0408858788059434,0.0101085971205775,0.00122485529045974
2004-01-06,0.0256625323777747,-0.00215301976730316,0.018511080149263,-0.00321189600547272,0,-0.0153439413857055,0.0119374489355886,-0.101825096216317,0.00736224349868057,-0.0010171407164935
2004-01-07,-0.00323913873509265,0.010580862110873,0.042072723345654,0.00789085447029765,0,-0.0392334358679035,0.0304553255349145,0.00456269602161522,0.0086319888276584,0.00144101719819061
2004-01-08,NA,NA,NA,NA,NA,NA,NA,NA,NA,NA
